<?xml version = '1.0' encoding = 'UTF-8'?>
<FKIndexAssociation class="oracle.dbtools.crest.model.design.relational.FKIndexAssociation" directorySegmentName="seg_0" id="0E076C51-70A2-7A34-FF41-35E4D0452A94" containerWithKeyObject="086156D8-F704-9FDC-1459-574FC89CA7CC" localFKIndex="0DF435F0-D39F-A31E-9851-94ABBC8B9DD6" name="fk_medico_cita">
<sourceDDLFile>oracle_ddl.sql</sourceDDLFile>
<createdBy>Rodo</createdBy>
<createdTime>2025-09-16 01:19:22 UTC</createdTime>
<ownerDesignName>Exp2_S5_Rodolfo_Cisterna</ownerDesignName>
<importedID>0648EF5C-3DFC-4BC0-901C-1E5622BC084C</importedID>
<referredTableLongName>CITA</referredTableLongName>
<deleteRule>NO ACTION</deleteRule>
<referredTableID>47CDFEAC-EA76-1DDF-F4C1-ABF39B8647BD</referredTableID>
<keyObject>D347DBC6-BA61-1314-F943-E540CDEB85AF</keyObject>
<referredKeyID>D347DBC6-BA61-1314-F943-E540CDEB85AF</referredKeyID>
<mandatory>false</mandatory>
<refColNames>id_cita</refColNames>
<transferable>true</transferable>
<rely>false</rely>
<columnDependencyConstraintGenerateInDDL>true</columnDependencyConstraintGenerateInDDL>
</FKIndexAssociation>