<?xml version = '1.0' encoding = 'UTF-8'?>
<FKIndexAssociation class="oracle.dbtools.crest.model.design.relational.FKIndexAssociation" directorySegmentName="seg_0" id="0FE0A474-A030-3CD8-7B7F-34575E4B4B22" containerWithKeyObject="47CDFEAC-EA76-1DDF-F4C1-ABF39B8647BD" localFKIndex="095A5101-CA9B-4A33-7FE1-E490126FADD6" name="fk_cita_medico">
<sourceDDLFile>oracle_ddl.sql</sourceDDLFile>
<createdBy>Rodo</createdBy>
<createdTime>2025-09-16 01:19:22 UTC</createdTime>
<ownerDesignName>Exp2_S5_Rodolfo_Cisterna</ownerDesignName>
<importedID>7873C35F-F69D-24B3-7469-1409C5C36D3E</importedID>
<referredTableLongName>MEDICO</referredTableLongName>
<deleteRule>NO ACTION</deleteRule>
<referredTableID>71F767C0-1D55-CEE2-E965-FA5D04B74F3A</referredTableID>
<keyObject>80C780A8-A894-773E-AC63-760B7E2BB3C9</keyObject>
<referredKeyID>80C780A8-A894-773E-AC63-760B7E2BB3C9</referredKeyID>
<mandatory>false</mandatory>
<refColNames>id_medico</refColNames>
<transferable>true</transferable>
<rely>false</rely>
<columnDependencyConstraintGenerateInDDL>true</columnDependencyConstraintGenerateInDDL>
</FKIndexAssociation>