<?xml version = '1.0' encoding = 'UTF-8'?>
<FKIndexAssociation class="oracle.dbtools.crest.model.design.relational.FKIndexAssociation" directorySegmentName="seg_0" id="1931C1BF-84D1-22E5-DAA3-881DA4494524" containerWithKeyObject="07FF4EFB-C9FE-140F-FBD8-C196E5EC34F7" localFKIndex="0599FD6C-F57B-72A8-5B81-74B73B9C9F6A" name="fk_paciente_comuna">
<sourceDDLFile>oracle_ddl.sql</sourceDDLFile>
<createdBy>Rodo</createdBy>
<createdTime>2025-09-16 01:19:22 UTC</createdTime>
<ownerDesignName>Exp2_S5_Rodolfo_Cisterna</ownerDesignName>
<importedID>06DEC67B-D1A7-BD8C-F792-17AEA55467FD</importedID>
<referredTableLongName>COMUNA</referredTableLongName>
<deleteRule>NO ACTION</deleteRule>
<referredTableID>1ED45C87-4E7B-9089-AB21-EEA99FEAC7BB</referredTableID>
<keyObject>528D33A3-3ECE-DE18-C9BE-DB23B19690AA</keyObject>
<referredKeyID>528D33A3-3ECE-DE18-C9BE-DB23B19690AA</referredKeyID>
<mandatory>true</mandatory>
<refColNames>id_comuna</refColNames>
<transferable>true</transferable>
<rely>false</rely>
<columnDependencyConstraintGenerateInDDL>true</columnDependencyConstraintGenerateInDDL>
</FKIndexAssociation>