<?xml version = '1.0' encoding = 'UTF-8'?>
<FKIndexAssociation class="oracle.dbtools.crest.model.design.relational.FKIndexAssociation" directorySegmentName="seg_0" id="1B9C1167-CDD4-6720-319F-7FCC5EB3976C" containerWithKeyObject="B8133EB3-AF2D-B0D1-87F6-E401EA839745" localFKIndex="70DFFA0B-A55D-CD75-527E-D51F78CC3253" name="fk_pago_atencion">
<sourceDDLFile>oracle_ddl.sql</sourceDDLFile>
<createdBy>Rodo</createdBy>
<createdTime>2025-09-16 01:19:22 UTC</createdTime>
<ownerDesignName>Exp2_S5_Rodolfo_Cisterna</ownerDesignName>
<importedID>89B2D400-3268-0ADD-756F-E0A80286B599</importedID>
<referredTableLongName>ATENCION MEDICA</referredTableLongName>
<deleteRule>CASCADE</deleteRule>
<referredTableID>086156D8-F704-9FDC-1459-574FC89CA7CC</referredTableID>
<keyObject>B3E07FF7-2F84-A565-10E1-110622987C38</keyObject>
<referredKeyID>B3E07FF7-2F84-A565-10E1-110622987C38</referredKeyID>
<mandatory>true</mandatory>
<refColNames>id_atencion</refColNames>
<transferable>true</transferable>
<rely>false</rely>
<columnDependencyConstraintGenerateInDDL>true</columnDependencyConstraintGenerateInDDL>
</FKIndexAssociation>