<?xml version = '1.0' encoding = 'UTF-8'?>
<FKIndexAssociation class="oracle.dbtools.crest.model.design.relational.FKIndexAssociation" directorySegmentName="seg_0" id="1C456EA2-89A1-F3E7-F36E-5EBB2E52DBC2" containerWithKeyObject="C560E253-C241-D6AB-7FF7-CADF8E04BB26" localFKIndex="6FB75227-47DE-4797-FDF0-F7573C1FE40D" name="fk_ax_examen">
<sourceDDLFile>oracle_ddl.sql</sourceDDLFile>
<createdBy>Rodo</createdBy>
<createdTime>2025-09-16 01:19:22 UTC</createdTime>
<ownerDesignName>Exp2_S5_Rodolfo_Cisterna</ownerDesignName>
<importedID>F66EDEEF-3AB7-7D74-476D-46AA3007B1E5</importedID>
<referredTableLongName>EXAMEN</referredTableLongName>
<deleteRule>NO ACTION</deleteRule>
<referredTableID>AA3D9A3E-4207-20E8-9215-2696001B236E</referredTableID>
<keyObject>73DCBF13-CD54-3367-EE59-9466F4BE8E19</keyObject>
<referredKeyID>73DCBF13-CD54-3367-EE59-9466F4BE8E19</referredKeyID>
<mandatory>true</mandatory>
<refColNames>id_examen</refColNames>
<transferable>true</transferable>
<rely>false</rely>
<columnDependencyConstraintGenerateInDDL>true</columnDependencyConstraintGenerateInDDL>
</FKIndexAssociation>