<?xml version = '1.0' encoding = 'UTF-8'?>
<FKIndexAssociation class="oracle.dbtools.crest.model.design.relational.FKIndexAssociation" directorySegmentName="seg_0" id="253F46A7-36B8-D626-870D-81E8DD87B2D8" containerWithKeyObject="C560E253-C241-D6AB-7FF7-CADF8E04BB26" localFKIndex="C203E078-B08B-EFAA-2909-49C61E4200B8" name="fk_ax_med_sol">
<sourceDDLFile>oracle_ddl.sql</sourceDDLFile>
<createdBy>Rodo</createdBy>
<createdTime>2025-09-16 01:19:22 UTC</createdTime>
<ownerDesignName>Exp2_S5_Rodolfo_Cisterna</ownerDesignName>
<importedID>29D46AFD-1AB1-7D14-D601-8719E580B115</importedID>
<referredTableLongName>MEDICO</referredTableLongName>
<deleteRule>NO ACTION</deleteRule>
<referredTableID>71F767C0-1D55-CEE2-E965-FA5D04B74F3A</referredTableID>
<keyObject>80C780A8-A894-773E-AC63-760B7E2BB3C9</keyObject>
<referredKeyID>80C780A8-A894-773E-AC63-760B7E2BB3C9</referredKeyID>
<mandatory>false</mandatory>
<refColNames>id_medico</refColNames>
<transferable>true</transferable>
<rely>false</rely>
<columnDependencyConstraintGenerateInDDL>true</columnDependencyConstraintGenerateInDDL>
</FKIndexAssociation>