<?xml version = '1.0' encoding = 'UTF-8'?>
<FKIndexAssociation class="oracle.dbtools.crest.model.design.relational.FKIndexAssociation" directorySegmentName="seg_0" id="2B0B16C4-02D2-7D1D-04F6-A3F0F7AAEB79" containerWithKeyObject="1ED45C87-4E7B-9089-AB21-EEA99FEAC7BB" localFKIndex="1E892AE9-E710-7CAB-6577-C74694209F9A" name="fk_comuna_region">
<sourceDDLFile>oracle_ddl.sql</sourceDDLFile>
<createdBy>Rodo</createdBy>
<createdTime>2025-09-16 01:19:22 UTC</createdTime>
<ownerDesignName>Exp2_S5_Rodolfo_Cisterna</ownerDesignName>
<importedID>06AE9A0A-7FA0-A25F-173F-4BD288F6B1A5</importedID>
<referredTableLongName>REGION</referredTableLongName>
<deleteRule>NO ACTION</deleteRule>
<referredTableID>0BAF7C18-28D2-1C75-69AA-4E6EA42FBD89</referredTableID>
<keyObject>FF7D3EE4-3FCD-F198-E377-57882521FBB6</keyObject>
<referredKeyID>FF7D3EE4-3FCD-F198-E377-57882521FBB6</referredKeyID>
<mandatory>true</mandatory>
<refColNames>id_region</refColNames>
<transferable>true</transferable>
<rely>false</rely>
<columnDependencyConstraintGenerateInDDL>true</columnDependencyConstraintGenerateInDDL>
</FKIndexAssociation>