<?xml version = '1.0' encoding = 'UTF-8'?>
<FKIndexAssociation class="oracle.dbtools.crest.model.design.relational.FKIndexAssociation" directorySegmentName="seg_0" id="37E4A705-BCB4-183D-1C77-8213748AF522" containerWithKeyObject="C560E253-C241-D6AB-7FF7-CADF8E04BB26" localFKIndex="07675584-CACB-D069-D5B8-F47BABC4A032" name="fk_ax_atencion">
<sourceDDLFile>oracle_ddl.sql</sourceDDLFile>
<createdBy>Rodo</createdBy>
<createdTime>2025-09-16 01:19:22 UTC</createdTime>
<ownerDesignName>Exp2_S5_Rodolfo_Cisterna</ownerDesignName>
<importedID>21E79051-E98E-ED12-E7B8-3359461C7C0D</importedID>
<referredTableLongName>ATENCION MEDICA</referredTableLongName>
<deleteRule>CASCADE</deleteRule>
<referredTableID>086156D8-F704-9FDC-1459-574FC89CA7CC</referredTableID>
<keyObject>B3E07FF7-2F84-A565-10E1-110622987C38</keyObject>
<referredKeyID>B3E07FF7-2F84-A565-10E1-110622987C38</referredKeyID>
<mandatory>true</mandatory>
<refColNames>id_atencion</refColNames>
<transferable>true</transferable>
<rely>false</rely>
<columnDependencyConstraintGenerateInDDL>true</columnDependencyConstraintGenerateInDDL>
</FKIndexAssociation>