<?xml version = '1.0' encoding = 'UTF-8'?>
<FKIndexAssociation class="oracle.dbtools.crest.model.design.relational.FKIndexAssociation" directorySegmentName="seg_0" id="62F259E8-CA2B-E262-82A6-F7ED2E603DAB" containerWithKeyObject="71F767C0-1D55-CEE2-E965-FA5D04B74F3A" localFKIndex="62462051-CED2-8C9B-7AC9-2BBC80D28520" name="fk_medico_especialidad">
<sourceDDLFile>oracle_ddl.sql</sourceDDLFile>
<createdBy>Rodo</createdBy>
<createdTime>2025-09-16 01:19:22 UTC</createdTime>
<ownerDesignName>Exp2_S5_Rodolfo_Cisterna</ownerDesignName>
<importedID>5C7FB65C-FBBB-5378-1397-274BBA867A75</importedID>
<referredTableLongName>ESPECIALIDAD</referredTableLongName>
<deleteRule>NO ACTION</deleteRule>
<referredTableID>AD914C13-7454-575A-E36F-891B0C0AD0AF</referredTableID>
<keyObject>AAFC9BB4-B53B-DB48-02BD-D7BA49CF7EDC</keyObject>
<referredKeyID>AAFC9BB4-B53B-DB48-02BD-D7BA49CF7EDC</referredKeyID>
<mandatory>true</mandatory>
<refColNames>id_especialidad</refColNames>
<transferable>true</transferable>
<rely>false</rely>
<columnDependencyConstraintGenerateInDDL>true</columnDependencyConstraintGenerateInDDL>
</FKIndexAssociation>