<?xml version = '1.0' encoding = 'UTF-8'?>
<FKIndexAssociation class="oracle.dbtools.crest.model.design.relational.FKIndexAssociation" directorySegmentName="seg_0" id="661C62E6-237A-6C39-5E56-6CFAF8A00585" containerWithKeyObject="71F767C0-1D55-CEE2-E965-FA5D04B74F3A" localFKIndex="B3FC3384-3140-D09B-A7EA-87DA795F8B89" name="fk_medico_supervisor">
<sourceDDLFile>oracle_ddl.sql</sourceDDLFile>
<createdBy>Rodo</createdBy>
<createdTime>2025-09-16 01:19:22 UTC</createdTime>
<ownerDesignName>Exp2_S5_Rodolfo_Cisterna</ownerDesignName>
<importedID>8ADFEFE7-31AB-2B97-ED1A-BCA521966648</importedID>
<referredTableLongName>MEDICO</referredTableLongName>
<deleteRule>NO ACTION</deleteRule>
<referredTableID>71F767C0-1D55-CEE2-E965-FA5D04B74F3A</referredTableID>
<keyObject>80C780A8-A894-773E-AC63-760B7E2BB3C9</keyObject>
<referredKeyID>80C780A8-A894-773E-AC63-760B7E2BB3C9</referredKeyID>
<mandatory>false</mandatory>
<refColNames>id_medico</refColNames>
<transferable>true</transferable>
<rely>false</rely>
<columnDependencyConstraintGenerateInDDL>true</columnDependencyConstraintGenerateInDDL>
</FKIndexAssociation>