<?xml version = '1.0' encoding = 'UTF-8'?>
<FKIndexAssociation class="oracle.dbtools.crest.model.design.relational.FKIndexAssociation" directorySegmentName="seg_0" id="86B1646D-ACC1-47A9-D8DF-BC2181A9C6C8" containerWithKeyObject="086156D8-F704-9FDC-1459-574FC89CA7CC" localFKIndex="F79CC7E4-AD99-DE33-204A-B13D667AF881" name="fk_medico_paciente">
<sourceDDLFile>oracle_ddl.sql</sourceDDLFile>
<createdBy>Rodo</createdBy>
<createdTime>2025-09-16 01:19:22 UTC</createdTime>
<ownerDesignName>Exp2_S5_Rodolfo_Cisterna</ownerDesignName>
<importedID>31DFC622-203B-F5B6-50A7-5D0B61B41F07</importedID>
<referredTableLongName>PACIENTE</referredTableLongName>
<deleteRule>NO ACTION</deleteRule>
<referredTableID>07FF4EFB-C9FE-140F-FBD8-C196E5EC34F7</referredTableID>
<keyObject>3611F70A-F852-21DE-AF31-B0AE343A5CAE</keyObject>
<referredKeyID>3611F70A-F852-21DE-AF31-B0AE343A5CAE</referredKeyID>
<mandatory>true</mandatory>
<refColNames>id_paciente</refColNames>
<transferable>true</transferable>
<rely>false</rely>
<columnDependencyConstraintGenerateInDDL>true</columnDependencyConstraintGenerateInDDL>
</FKIndexAssociation>