<?xml version = '1.0' encoding = 'UTF-8'?>
<FKIndexAssociation class="oracle.dbtools.crest.model.design.relational.FKIndexAssociation" directorySegmentName="seg_0" id="94350D8C-EFE2-84A9-2C38-D14EDF6D56B4" containerWithKeyObject="47CDFEAC-EA76-1DDF-F4C1-ABF39B8647BD" localFKIndex="2CC861EF-3CE4-8B83-A417-B3104553DD3C" name="fk_cita_paciente">
<sourceDDLFile>oracle_ddl.sql</sourceDDLFile>
<createdBy>Rodo</createdBy>
<createdTime>2025-09-16 01:19:22 UTC</createdTime>
<ownerDesignName>Exp2_S5_Rodolfo_Cisterna</ownerDesignName>
<importedID>ABACB8DE-83A8-DF44-B79A-919D051B8D68</importedID>
<referredTableLongName>PACIENTE</referredTableLongName>
<deleteRule>NO ACTION</deleteRule>
<referredTableID>07FF4EFB-C9FE-140F-FBD8-C196E5EC34F7</referredTableID>
<keyObject>3611F70A-F852-21DE-AF31-B0AE343A5CAE</keyObject>
<referredKeyID>3611F70A-F852-21DE-AF31-B0AE343A5CAE</referredKeyID>
<mandatory>true</mandatory>
<refColNames>id_paciente</refColNames>
<transferable>true</transferable>
<rely>false</rely>
<columnDependencyConstraintGenerateInDDL>true</columnDependencyConstraintGenerateInDDL>
</FKIndexAssociation>