<?xml version = '1.0' encoding = 'UTF-8'?>
<FKIndexAssociation class="oracle.dbtools.crest.model.design.relational.FKIndexAssociation" directorySegmentName="seg_0" id="98417B96-6B29-08DD-C9EA-73110D8F0280" containerWithKeyObject="71F767C0-1D55-CEE2-E965-FA5D04B74F3A" localFKIndex="C9DC6C53-F7B3-86A8-FA71-B9FDB7A7894E" name="fk_medico_institucion">
<sourceDDLFile>oracle_ddl.sql</sourceDDLFile>
<createdBy>Rodo</createdBy>
<createdTime>2025-09-16 01:19:22 UTC</createdTime>
<ownerDesignName>Exp2_S5_Rodolfo_Cisterna</ownerDesignName>
<importedID>4BAA4F9C-77AB-BB0E-D1C3-4772DBACF77D</importedID>
<referredTableLongName>INSTITUCION SALUD</referredTableLongName>
<deleteRule>NO ACTION</deleteRule>
<referredTableID>E598C303-CA61-8C43-3F0D-065B01D3C241</referredTableID>
<keyObject>B326B85E-4466-77FC-4CCF-2589965BDC64</keyObject>
<referredKeyID>B326B85E-4466-77FC-4CCF-2589965BDC64</referredKeyID>
<mandatory>false</mandatory>
<refColNames>id_institucion</refColNames>
<transferable>true</transferable>
<rely>false</rely>
<columnDependencyConstraintGenerateInDDL>true</columnDependencyConstraintGenerateInDDL>
</FKIndexAssociation>