<?xml version = '1.0' encoding = 'UTF-8'?>
<FKIndexAssociation class="oracle.dbtools.crest.model.design.relational.FKIndexAssociation" directorySegmentName="seg_0" id="B2610D84-572F-D0CC-26B1-6C05F3D83988" containerWithKeyObject="47CDFEAC-EA76-1DDF-F4C1-ABF39B8647BD" localFKIndex="0EA1870B-C69C-640E-7CF7-574416FDB8CD" name="fk_cita_especialidad">
<sourceDDLFile>oracle_ddl.sql</sourceDDLFile>
<createdBy>Rodo</createdBy>
<createdTime>2025-09-16 01:19:22 UTC</createdTime>
<ownerDesignName>Exp2_S5_Rodolfo_Cisterna</ownerDesignName>
<importedID>44A37F9E-2243-65F8-6814-4C2D59200334</importedID>
<referredTableLongName>ESPECIALIDAD</referredTableLongName>
<deleteRule>NO ACTION</deleteRule>
<referredTableID>AD914C13-7454-575A-E36F-891B0C0AD0AF</referredTableID>
<keyObject>AAFC9BB4-B53B-DB48-02BD-D7BA49CF7EDC</keyObject>
<referredKeyID>AAFC9BB4-B53B-DB48-02BD-D7BA49CF7EDC</referredKeyID>
<mandatory>true</mandatory>
<refColNames>id_especialidad</refColNames>
<transferable>true</transferable>
<rely>false</rely>
<columnDependencyConstraintGenerateInDDL>true</columnDependencyConstraintGenerateInDDL>
</FKIndexAssociation>