<?xml version = '1.0' encoding = 'UTF-8'?>
<FKIndexAssociation class="oracle.dbtools.crest.model.design.relational.FKIndexAssociation" directorySegmentName="seg_0" id="BD74B5CB-F328-1451-AA2C-651D9B20A50F" containerWithKeyObject="71F767C0-1D55-CEE2-E965-FA5D04B74F3A" localFKIndex="0D5328C2-D820-2471-EA0A-53F325944025" name="fk_medico_afp">
<sourceDDLFile>oracle_ddl.sql</sourceDDLFile>
<createdBy>Rodo</createdBy>
<createdTime>2025-09-16 01:19:22 UTC</createdTime>
<ownerDesignName>Exp2_S5_Rodolfo_Cisterna</ownerDesignName>
<importedID>3A23035D-1147-9DFA-108C-61E01AF9EC9B</importedID>
<referredTableLongName>AFP</referredTableLongName>
<deleteRule>NO ACTION</deleteRule>
<referredTableID>D00C6028-7AAA-1C52-FCA3-C0D393E3F03E</referredTableID>
<keyObject>319FC66B-7C01-BE81-1599-A096DA0E04A7</keyObject>
<referredKeyID>319FC66B-7C01-BE81-1599-A096DA0E04A7</referredKeyID>
<mandatory>false</mandatory>
<refColNames>id_afp</refColNames>
<transferable>true</transferable>
<rely>false</rely>
<columnDependencyConstraintGenerateInDDL>true</columnDependencyConstraintGenerateInDDL>
</FKIndexAssociation>