<?xml version = '1.0' encoding = 'UTF-8'?>
<Diagram class="oracle.dbtools.crest.swingui.logical.DPVLogical" name="Logical" id="528603ED-4D33-23D2-85CB-F918B380DA2F">
<createdBy>Rodo</createdBy>
<modifiedBy>Rodo</modifiedBy>
<createdTime>2025-09-16 01:25:22 UTC</createdTime>
<autoRoute>false</autoRoute>
<boxInbox>true</boxInbox>
<showLegend>false</showLegend>
<showLabels>false</showLabels>
<showRelAttributes>false</showRelAttributes>
<gridEnabled>false</gridEnabled>
<showGrid>false</showGrid>
<diagramColor>-1</diagramColor>
<display>false</display>
<notation>1</notation>
<objectViews>
<OView class="oracle.dbtools.crest.swingui.logical.TVEntity" oid="2DC1B10F-BCA0-A078-946C-559D80F74951" otype="Entity" vid="383AB188-14A0-4BB0-7380-DF85D48FDD41">
<hideElementsInCurrentOnly>false</hideElementsInCurrentOnly>
<bounds x="310" y="278" width="226" height="282"/>
</OView>
<OView class="oracle.dbtools.crest.swingui.logical.TVEntity" oid="3D3BCBFA-407D-18C2-7A9C-BF9A02AF785B" otype="Entity" vid="B395124D-4C59-14A0-2859-861D7065FDCB">
<hideElementsInCurrentOnly>false</hideElementsInCurrentOnly>
<bounds x="311" y="620" width="203" height="116"/>
</OView>
<OView class="oracle.dbtools.crest.swingui.logical.TVEntity" oid="4A27FD60-2FA9-CB88-7900-2839CAB1B87D" otype="Entity" vid="5EF648F8-6C30-5422-1F8A-9948A130CB99">
<hideElementsInCurrentOnly>false</hideElementsInCurrentOnly>
<bounds x="616" y="278" width="165" height="116"/>
</OView>
<OView class="oracle.dbtools.crest.swingui.logical.TVEntity" oid="604D90FD-7CA0-C04D-BF84-D430CA2D8F54" otype="Entity" vid="2005CA71-FA91-5906-2B47-F948A13E92A9">
<hideElementsInCurrentOnly>false</hideElementsInCurrentOnly>
<bounds x="21" y="920" width="209" height="88"/>
</OView>
<OView class="oracle.dbtools.crest.swingui.logical.TVEntity" oid="7CC6935E-C0AA-0277-45D1-E18579A0750A" otype="Entity" vid="8679F52C-2037-8C3F-DB74-99418321E56C">
<hideElementsInCurrentOnly>false</hideElementsInCurrentOnly>
<bounds x="20" y="620" width="210" height="240"/>
</OView>
<OView class="oracle.dbtools.crest.swingui.logical.TVEntity" oid="914A44DF-E13A-02AF-A9BD-8B148C74816C" otype="Entity" vid="262018FC-E0C4-B332-41E4-BDFA27691839">
<hideElementsInCurrentOnly>false</hideElementsInCurrentOnly>
<bounds x="861" y="278" width="213" height="254"/>
</OView>
<OView class="oracle.dbtools.crest.swingui.logical.TVEntity" oid="96A09FF8-3F3F-51CC-5AE4-0E1D19796CC3" otype="Entity" vid="41318BC7-6554-AA07-6AF1-DB2F7A6D5482">
<hideElementsInCurrentOnly>false</hideElementsInCurrentOnly>
<bounds x="862" y="592" width="196" height="198"/>
</OView>
<OView class="oracle.dbtools.crest.swingui.logical.TVEntity" oid="BA6B5F62-A6A9-4668-5F69-CE5BAC49B390" otype="Entity" vid="8EE81071-ADCC-1A51-5387-7D986A21C332">
<hideElementsInCurrentOnly>false</hideElementsInCurrentOnly>
<bounds x="717" y="20" width="203" height="116"/>
</OView>
<OView class="oracle.dbtools.crest.swingui.logical.TVEntity" oid="C4A557AD-78B9-2B91-7E5E-8B3A923E29A5" otype="Entity" vid="0799FFBF-D2B2-7016-005E-5AD41735EE33">
<hideElementsInCurrentOnly>false</hideElementsInCurrentOnly>
<bounds x="310" y="20" width="327" height="198"/>
</OView>
<OView class="oracle.dbtools.crest.swingui.logical.TVEntity" oid="E240FBFA-5B89-5F10-C830-C15A73A03AF9" otype="Entity" vid="CC3EC38D-8BE0-E29D-A7B7-9112C60AC904">
<hideElementsInCurrentOnly>false</hideElementsInCurrentOnly>
<bounds x="862" y="850" width="188" height="142"/>
</OView>
<OView class="oracle.dbtools.crest.swingui.logical.TVEntity" oid="EA746424-CC8B-35EA-DFDA-B84DB4A5FE10" otype="Entity" vid="6D9CEC3D-F21B-ACF7-D491-046B40BDC5D0">
<hideElementsInCurrentOnly>false</hideElementsInCurrentOnly>
<bounds x="862" y="1052" width="180" height="88"/>
</OView>
<OView class="oracle.dbtools.crest.swingui.logical.TVEntity" oid="FF8ECA80-4EAF-A2FA-5EBC-0754FA07B94F" otype="Entity" vid="BBEEC848-F66F-4816-18E0-DDBC880DD282">
<hideElementsInCurrentOnly>false</hideElementsInCurrentOnly>
<bounds x="590" y="592" width="191" height="184"/>
</OView>
</objectViews>
<connectors>
<Connector class="oracle.dbtools.crest.swingui.logical.TVRelation" oid="0AFA2D6D-9AA7-3303-BA73-4BB609564AFA" otype="Relation" vid_source="383AB188-14A0-4BB0-7380-DF85D48FDD41" vid_target="383AB188-14A0-4BB0-7380-DF85D48FDD41">
<hideElementsInCurrentOnly>false</hideElementsInCurrentOnly>
<backgroundColor>-16777216</backgroundColor>
<lineWidth>1</lineWidth>
<points>
<point x="536" y="443"/>
<point x="586" y="443"/>
<point x="586" y="610"/>
<point x="442" y="610"/>
<point x="442" y="560"/>
</points>
</Connector>
<Connector class="oracle.dbtools.crest.swingui.logical.TVRelation" oid="1054E425-190E-8744-AE34-8F7B5EB33B7F" otype="Relation" vid_source="8EE81071-ADCC-1A51-5387-7D986A21C332" vid_target="0799FFBF-D2B2-7016-005E-5AD41735EE33">
<hideElementsInCurrentOnly>false</hideElementsInCurrentOnly>
<backgroundColor>-16777216</backgroundColor>
<lineWidth>1</lineWidth>
<points>
<point x="717" y="78"/>
<point x="637" y="78"/>
</points>
</Connector>
<Connector class="oracle.dbtools.crest.swingui.logical.TVRelation" oid="333B436D-49EF-A68B-9C4C-58AA63EC04F9" otype="Relation" vid_source="262018FC-E0C4-B332-41E4-BDFA27691839" vid_target="0799FFBF-D2B2-7016-005E-5AD41735EE33">
<hideElementsInCurrentOnly>false</hideElementsInCurrentOnly>
<backgroundColor>-16777216</backgroundColor>
<lineWidth>1</lineWidth>
<points>
<point x="861" y="343"/>
<point x="622" y="218"/>
</points>
</Connector>
<Connector class="oracle.dbtools.crest.swingui.logical.TVRelation" oid="3F1FFFDA-C3F2-99EF-9C01-297B684B7A63" otype="Relation" vid_source="B395124D-4C59-14A0-2859-861D7065FDCB" vid_target="383AB188-14A0-4BB0-7380-DF85D48FDD41">
<hideElementsInCurrentOnly>false</hideElementsInCurrentOnly>
<backgroundColor>-16777216</backgroundColor>
<lineWidth>1</lineWidth>
<points>
<point x="412" y="620"/>
<point x="412" y="560"/>
</points>
</Connector>
<Connector class="oracle.dbtools.crest.swingui.logical.TVRelation" oid="4647565F-CEC9-72C7-6F2E-422D879F0817" otype="Relation" vid_source="6D9CEC3D-F21B-ACF7-D491-046B40BDC5D0" vid_target="CC3EC38D-8BE0-E29D-A7B7-9112C60AC904">
<hideElementsInCurrentOnly>false</hideElementsInCurrentOnly>
<backgroundColor>-16777216</backgroundColor>
<lineWidth>1</lineWidth>
<points>
<point x="952" y="1052"/>
<point x="952" y="992"/>
</points>
</Connector>
<Connector class="oracle.dbtools.crest.swingui.logical.TVRelation" oid="49717601-7BC3-FC6B-5A4B-84FD5081CDB3" otype="Relation" vid_source="383AB188-14A0-4BB0-7380-DF85D48FDD41" vid_target="0799FFBF-D2B2-7016-005E-5AD41735EE33">
<hideElementsInCurrentOnly>false</hideElementsInCurrentOnly>
<backgroundColor>-16777216</backgroundColor>
<lineWidth>1</lineWidth>
<points>
<point x="423" y="278"/>
<point x="423" y="218"/>
</points>
</Connector>
<Connector class="oracle.dbtools.crest.swingui.logical.TVRelation" oid="63352897-4C21-4050-FA7C-26FC34406974" otype="Relation" vid_source="41318BC7-6554-AA07-6AF1-DB2F7A6D5482" vid_target="8679F52C-2037-8C3F-DB74-99418321E56C">
<hideElementsInCurrentOnly>false</hideElementsInCurrentOnly>
<backgroundColor>-16777216</backgroundColor>
<lineWidth>1</lineWidth>
<points>
<point x="862" y="720"/>
<point x="230" y="720"/>
</points>
</Connector>
<Connector class="oracle.dbtools.crest.swingui.logical.TVRelation" oid="78E00138-1157-C487-52FC-A01D16EDCBF1" otype="Relation" vid_source="262018FC-E0C4-B332-41E4-BDFA27691839" vid_target="BBEEC848-F66F-4816-18E0-DDBC880DD282">
<hideElementsInCurrentOnly>false</hideElementsInCurrentOnly>
<backgroundColor>-16777216</backgroundColor>
<lineWidth>1</lineWidth>
<points>
<point x="861" y="510"/>
<point x="763" y="592"/>
</points>
</Connector>
<Connector class="oracle.dbtools.crest.swingui.logical.TVRelation" oid="8608C979-E1F0-0FB2-D6CA-98718AFAA043" otype="Relation" vid_source="2005CA71-FA91-5906-2B47-F948A13E92A9" vid_target="383AB188-14A0-4BB0-7380-DF85D48FDD41">
<hideElementsInCurrentOnly>false</hideElementsInCurrentOnly>
<backgroundColor>-16777216</backgroundColor>
<lineWidth>1</lineWidth>
<points>
<point x="149" y="920"/>
<point x="361" y="560"/>
</points>
</Connector>
<Connector class="oracle.dbtools.crest.swingui.logical.TVRelation" oid="883491B8-3F16-2959-FFFE-FC3750D14F71" otype="Relation" vid_source="CC3EC38D-8BE0-E29D-A7B7-9112C60AC904" vid_target="41318BC7-6554-AA07-6AF1-DB2F7A6D5482">
<hideElementsInCurrentOnly>false</hideElementsInCurrentOnly>
<backgroundColor>-16777216</backgroundColor>
<lineWidth>1</lineWidth>
<points>
<point x="956" y="850"/>
<point x="956" y="790"/>
</points>
</Connector>
<Connector class="oracle.dbtools.crest.swingui.logical.TVRelation" oid="96775080-7174-9B6B-8AF2-D3B6E88EF63B" otype="Relation" vid_source="5EF648F8-6C30-5422-1F8A-9948A130CB99" vid_target="383AB188-14A0-4BB0-7380-DF85D48FDD41">
<hideElementsInCurrentOnly>false</hideElementsInCurrentOnly>
<backgroundColor>-16777216</backgroundColor>
<lineWidth>1</lineWidth>
<points>
<point x="616" y="336"/>
<point x="536" y="336"/>
</points>
</Connector>
<Connector class="oracle.dbtools.crest.swingui.logical.TVRelation" oid="A8355AE6-2E24-4C86-332C-BE46566A74A8" otype="Relation" vid_source="2005CA71-FA91-5906-2B47-F948A13E92A9" vid_target="8679F52C-2037-8C3F-DB74-99418321E56C">
<hideElementsInCurrentOnly>false</hideElementsInCurrentOnly>
<backgroundColor>-16777216</backgroundColor>
<lineWidth>1</lineWidth>
<points>
<point x="125" y="920"/>
<point x="125" y="860"/>
</points>
</Connector>
<Connector class="oracle.dbtools.crest.swingui.logical.TVRelation" oid="CCD1361C-F7A5-6575-0909-72A2E78096E9" otype="Relation" vid_source="383AB188-14A0-4BB0-7380-DF85D48FDD41" vid_target="8679F52C-2037-8C3F-DB74-99418321E56C">
<hideElementsInCurrentOnly>false</hideElementsInCurrentOnly>
<backgroundColor>-16777216</backgroundColor>
<lineWidth>1</lineWidth>
<points>
<point x="310" y="540"/>
<point x="215" y="620"/>
</points>
</Connector>
<Connector class="oracle.dbtools.crest.swingui.logical.TVRelation" oid="D2511A93-B7E4-23CD-FED4-480E5AA70799" otype="Relation" vid_source="41318BC7-6554-AA07-6AF1-DB2F7A6D5482" vid_target="262018FC-E0C4-B332-41E4-BDFA27691839">
<hideElementsInCurrentOnly>false</hideElementsInCurrentOnly>
<backgroundColor>-16777216</backgroundColor>
<lineWidth>1</lineWidth>
<points>
<point x="960" y="592"/>
<point x="960" y="532"/>
</points>
</Connector>
<Connector class="oracle.dbtools.crest.swingui.logical.TVRelation" oid="F8DCECE8-0269-8419-2AD3-F977E204527D" otype="Relation" vid_source="383AB188-14A0-4BB0-7380-DF85D48FDD41" vid_target="262018FC-E0C4-B332-41E4-BDFA27691839">
<hideElementsInCurrentOnly>false</hideElementsInCurrentOnly>
<backgroundColor>-16777216</backgroundColor>
<lineWidth>1</lineWidth>
<points>
<point x="536" y="405"/>
<point x="861" y="405"/>
</points>
</Connector>
<Connector class="oracle.dbtools.crest.swingui.logical.TVRelation" oid="F907F03F-7E8C-3BF2-5CB5-791BCCB719CD" otype="Relation" vid_source="8679F52C-2037-8C3F-DB74-99418321E56C" vid_target="262018FC-E0C4-B332-41E4-BDFA27691839">
<hideElementsInCurrentOnly>false</hideElementsInCurrentOnly>
<backgroundColor>-16777216</backgroundColor>
<lineWidth>1</lineWidth>
<points>
<point x="230" y="698"/>
<point x="861" y="447"/>
</points>
</Connector>
</connectors>
</Diagram>