<?xml version = '1.0' encoding = 'UTF-8'?>
<Entity class="oracle.dbtools.crest.model.design.logical.Entity" directorySegmentName="seg_0" id="BA6B5F62-A6A9-4668-5F69-CE5BAC49B390" name="EXAMEN">
<createdBy>Rodo</createdBy>
<createdTime>2025-09-16 01:25:22 UTC</createdTime>
<generatorID>AA3D9A3E-4207-20E8-9215-2696001B236E</generatorID>
<ownerDesignName>Exp2_S5_Rodolfo_Cisterna</ownerDesignName>
<engineerTo>
<item key="F19B4A6A-0A71-24FD-CF64-D9B946BF9E5F" value="true"/>
</engineerTo>
<adequatelyNormalized>NO</adequatelyNormalized>
<expectedVolumes>0</expectedVolumes>
<fwdEngineeringStrategyName>Single Table</fwdEngineeringStrategyName>
<growthPercent>0</growthPercent>
<growthType>Year</growthType>
<maxVolumes>9999999</maxVolumes>
<minVolumes>0</minVolumes>
<normalForm>Third</normalForm>
<attributes itemClass="oracle.dbtools.crest.model.design.logical.Attribute">
<Attribute name="id examen" id="C7E38BDD-4E4B-9B6A-7CE4-4D4ED9441234">
<createdBy>Rodo</createdBy>
<createdTime>2025-09-16 01:25:22 UTC</createdTime>
<generatorID>3CD5A7C1-7BB4-3164-47C7-D15AAA926A2C</generatorID>
<ownerDesignName>Exp2_S5_Rodolfo_Cisterna</ownerDesignName>
<engineerTo>
<item key="F19B4A6A-0A71-24FD-CF64-D9B946BF9E5F" value="true"/>
</engineerTo>
<use>0</use>
<logicalDatatype>LOGDT019</logicalDatatype>
<domain>44B7C0CF-8698-E2B1-7302-11A37DD042BE</domain>
<ownDataTypeParameters>,,</ownDataTypeParameters>
</Attribute>
<Attribute name="nombre" id="1DB749FB-9938-55FB-AA63-27A23BD622EB">
<createdBy>Rodo</createdBy>
<createdTime>2025-09-16 01:25:22 UTC</createdTime>
<generatorID>1A25022F-B0AA-1D1E-2E4C-26DAAA1C4D7C</generatorID>
<ownerDesignName>Exp2_S5_Rodolfo_Cisterna</ownerDesignName>
<engineerTo>
<item key="F19B4A6A-0A71-24FD-CF64-D9B946BF9E5F" value="true"/>
</engineerTo>
<use>0</use>
<logicalDatatype>LOGDT024</logicalDatatype>
<domain>E193F780-80D9-6E51-E008-FAFE6F37B1C1</domain>
<ownDataTypeParameters>,,</ownDataTypeParameters>
</Attribute>
<Attribute name="tipo muestra" id="5FC557E6-36C5-8B9B-5F3A-9C754786B328">
<createdBy>Rodo</createdBy>
<createdTime>2025-09-16 01:25:22 UTC</createdTime>
<generatorID>96391EC0-D1E2-C094-87ED-54D842A00AAA</generatorID>
<ownerDesignName>Exp2_S5_Rodolfo_Cisterna</ownerDesignName>
<engineerTo>
<item key="F19B4A6A-0A71-24FD-CF64-D9B946BF9E5F" value="true"/>
</engineerTo>
<nullsAllowed>true</nullsAllowed>
<use>0</use>
<logicalDatatype>LOGDT024</logicalDatatype>
<domain>34C7AF18-F307-593B-2897-51141D24F050</domain>
<ownDataTypeParameters>,,</ownDataTypeParameters>
</Attribute>
<Attribute name="condiciones" id="CE4A490B-FF83-8034-4599-59F9DE213674">
<createdBy>Rodo</createdBy>
<createdTime>2025-09-16 01:25:22 UTC</createdTime>
<generatorID>8258B336-3476-1B81-D023-68B6EA351156</generatorID>
<ownerDesignName>Exp2_S5_Rodolfo_Cisterna</ownerDesignName>
<engineerTo>
<item key="F19B4A6A-0A71-24FD-CF64-D9B946BF9E5F" value="true"/>
</engineerTo>
<nullsAllowed>true</nullsAllowed>
<use>0</use>
<logicalDatatype>LOGDT024</logicalDatatype>
<domain>74B29836-83CC-EDCB-0A43-5480FA9849ED</domain>
<ownDataTypeParameters>,,</ownDataTypeParameters>
</Attribute>
</attributes>
<identifiers itemClass="oracle.dbtools.crest.model.design.logical.CandidateKey">
<identifier id="9607AF81-7C44-9A6E-C859-594C6ED8531F" name="examen PK">
<createdBy>Rodo</createdBy>
<createdTime>2025-09-16 01:25:22 UTC</createdTime>
<generatorID>73DCBF13-CD54-3367-EE59-9466F4BE8E19</generatorID>
<ownerDesignName>Exp2_S5_Rodolfo_Cisterna</ownerDesignName>
<engineerTo>
<item key="F19B4A6A-0A71-24FD-CF64-D9B946BF9E5F" value="true"/>
</engineerTo>
<pk>true</pk>
<usedAttributes>
<attributeRef>C7E38BDD-4E4B-9B6A-7CE4-4D4ED9441234</attributeRef>
</usedAttributes>
</identifier>
<identifier id="89C42822-FEBC-7EA8-A792-31571F717CF0" name="uq examen nombre">
<createdBy>Rodo</createdBy>
<createdTime>2025-09-16 01:25:22 UTC</createdTime>
<generatorID>3BDC4DA8-F2B1-B942-D5D1-01CDDABE020B</generatorID>
<ownerDesignName>Exp2_S5_Rodolfo_Cisterna</ownerDesignName>
<engineerTo>
<item key="F19B4A6A-0A71-24FD-CF64-D9B946BF9E5F" value="true"/>
</engineerTo>
<usedAttributes>
<attributeRef>1DB749FB-9938-55FB-AA63-27A23BD622EB</attributeRef>
</usedAttributes>
</identifier>
</identifiers>
</Entity>