<?xml version = '1.0' encoding = 'UTF-8'?>
<Relation class="oracle.dbtools.crest.model.design.logical.InheritanceRelation" name="Hierarchy_4" directorySegmentName="seg_0" id="6B34A33F-AEF9-7D57-D98C-6845202D70EC">
<createdBy>Rodo</createdBy>
<createdTime>2025-09-02 02:37:52 UTC</createdTime>
<ownerDesignName>Sum1_RodolfoCisterna</ownerDesignName>
<engineerTo>
<item key="4E46B517-CE72-1FBB-6F65-E135CEBA230D" value="true"/>
</engineerTo>
<arc>F38A2276-2CBD-D56D-7A29-F4C3AF7C9AE9</arc>
<identifying>false</identifying>
<nameOnSource>Super Type</nameOnSource>
<nameOnTarget>Sub Type</nameOnTarget>
<optionalSource>true</optionalSource>
<optionalTarget>true</optionalTarget>
<sourceEntity>0EB8AD10-F1EB-9AE3-436F-AB29B43FEE6C</sourceEntity>
<targetEntity>59B80573-C138-94A2-FC5B-B3FB3A855CE8</targetEntity>
<transferable>true</transferable>
<deleteRule>NO ACTION</deleteRule>
</Relation>