<?xml version = '1.0' encoding = 'UTF-8'?>
<Relation class="oracle.dbtools.crest.model.design.logical.Relation" name="Relation_1" directorySegmentName="seg_0" id="181D0B23-55A2-326F-97B5-EE731EE7D372">
<createdBy>Rodo</createdBy>
<createdTime>2025-09-02 02:39:36 UTC</createdTime>
<ownerDesignName>Sum1_RodolfoCisterna</ownerDesignName>
<engineerTo>
<item key="4E46B517-CE72-1FBB-6F65-E135CEBA230D" value="true"/>
</engineerTo>
<sourcePk>25A50BF8-EFEB-9D10-F4FD-3773D09788AD</sourcePk>
<identifying>false</identifying>
<optionalSource>false</optionalSource>
<optionalTarget>false</optionalTarget>
<sourceCardinality>1</sourceCardinality>
<sourceEntity>FB2457C8-BD25-F778-FF18-E46F7655745E</sourceEntity>
<targetCardinalityString>*</targetCardinalityString>
<targetEntity>56D5ADC4-45AF-BAD0-C3CB-5718FC5BF2A1</targetEntity>
<transferable>true</transferable>
<deleteRule>NO ACTION</deleteRule>
</Relation>