<?xml version = '1.0' encoding = 'UTF-8'?>
<Relation class="oracle.dbtools.crest.model.design.logical.Relation" name="Relation_2" directorySegmentName="seg_0" id="3D5F4CFC-FB8F-BE89-9F05-433BF7C02757">
<createdBy>Rodo</createdBy>
<createdTime>2025-09-02 02:41:22 UTC</createdTime>
<ownerDesignName>Sum1_RodolfoCisterna</ownerDesignName>
<engineerTo>
<item key="4E46B517-CE72-1FBB-6F65-E135CEBA230D" value="true"/>
</engineerTo>
<sourcePk>25A50BF8-EFEB-9D10-F4FD-3773D09788AD</sourcePk>
<identifying>false</identifying>
<optionalSource>false</optionalSource>
<optionalTarget>false</optionalTarget>
<sourceCardinality>1</sourceCardinality>
<sourceEntity>FB2457C8-BD25-F778-FF18-E46F7655745E</sourceEntity>
<targetCardinalityString>*</targetCardinalityString>
<targetEntity>0EB8AD10-F1EB-9AE3-436F-AB29B43FEE6C</targetEntity>
<transferable>true</transferable>
<deleteRule>NO ACTION</deleteRule>
</Relation>