<?xml version = '1.0' encoding = 'UTF-8'?>
<Relation class="oracle.dbtools.crest.model.design.logical.Relation" name="Relation_7" directorySegmentName="seg_0" id="455FF852-93A6-C845-5851-06429A14DE01">
<createdBy>Rodo</createdBy>
<createdTime>2025-09-02 02:46:11 UTC</createdTime>
<ownerDesignName>Sum1_RodolfoCisterna</ownerDesignName>
<engineerTo>
<item key="4E46B517-CE72-1FBB-6F65-E135CEBA230D" value="true"/>
</engineerTo>
<targetPk>4847171F-8497-1511-DBB3-A71498A5298F</targetPk>
<identifying>false</identifying>
<nameOnSource>Supervisor</nameOnSource>
<nameOnTarget>Supervisado</nameOnTarget>
<optionalSource>true</optionalSource>
<optionalTarget>false</optionalTarget>
<sourceCardinality>1</sourceCardinality>
<sourceEntity>93C85EC6-9A48-29C5-69F8-9E7FDCB50251</sourceEntity>
<targetCardinalityString>*</targetCardinalityString>
<targetEntity>93C85EC6-9A48-29C5-69F8-9E7FDCB50251</targetEntity>
<transferable>true</transferable>
<deleteRule>NO ACTION</deleteRule>
</Relation>