<?xml version = '1.0' encoding = 'UTF-8'?>
<Relation class="oracle.dbtools.crest.model.design.logical.Relation" name="Relation_4" directorySegmentName="seg_0" id="5AEFF02C-7941-57C6-D55A-4FDAD94D7ED2">
<createdBy>Rodo</createdBy>
<createdTime>2025-09-02 02:43:14 UTC</createdTime>
<ownerDesignName>Sum1_RodolfoCisterna</ownerDesignName>
<engineerTo>
<item key="4E46B517-CE72-1FBB-6F65-E135CEBA230D" value="true"/>
</engineerTo>
<sourcePk>A990B316-296F-90D1-F515-F07A99DAC744</sourcePk>
<identifying>false</identifying>
<optionalSource>true</optionalSource>
<optionalTarget>false</optionalTarget>
<sourceCardinality>1</sourceCardinality>
<sourceEntity>F9ADAA0C-5398-6978-F2AD-DB64885C6B4B</sourceEntity>
<targetCardinalityString>*</targetCardinalityString>
<targetEntity>08F12A1A-FE8B-79EF-2BF7-86C755407D33</targetEntity>
<transferable>true</transferable>
<deleteRule>NO ACTION</deleteRule>
</Relation>