<?xml version = '1.0' encoding = 'UTF-8'?>
<Relation class="oracle.dbtools.crest.model.design.logical.Relation" name="Relation_5" directorySegmentName="seg_0" id="892B437B-5131-32E7-0857-0EEFB67737A3">
<createdBy>Rodo</createdBy>
<createdTime>2025-09-02 02:44:37 UTC</createdTime>
<ownerDesignName>Sum1_RodolfoCisterna</ownerDesignName>
<engineerTo>
<item key="4E46B517-CE72-1FBB-6F65-E135CEBA230D" value="true"/>
</engineerTo>
<sourcePk>780C5746-38F6-3727-0BB7-6419797F90F8</sourcePk>
<identifying>false</identifying>
<optionalSource>false</optionalSource>
<optionalTarget>false</optionalTarget>
<sourceCardinality>1</sourceCardinality>
<sourceEntity>8FEB1758-8E95-ADF2-8091-065B8C4D2385</sourceEntity>
<targetCardinalityString>*</targetCardinalityString>
<targetEntity>799A4282-1A5C-9F01-257D-2DECC1B90A5F</targetEntity>
<transferable>true</transferable>
<deleteRule>NO ACTION</deleteRule>
</Relation>