<?xml version = '1.0' encoding = 'UTF-8'?>
<Relation class="oracle.dbtools.crest.model.design.logical.Relation" name="Relation_3" directorySegmentName="seg_0" id="8ADC16FE-81CC-2CFF-E37A-56634352B04A">
<createdBy>Rodo</createdBy>
<createdTime>2025-09-02 02:42:20 UTC</createdTime>
<ownerDesignName>Sum1_RodolfoCisterna</ownerDesignName>
<engineerTo>
<item key="4E46B517-CE72-1FBB-6F65-E135CEBA230D" value="true"/>
</engineerTo>
<sourcePk>BE557323-B374-089B-6506-DEAB0BF18024</sourcePk>
<identifying>false</identifying>
<optionalSource>true</optionalSource>
<optionalTarget>false</optionalTarget>
<sourceCardinality>1</sourceCardinality>
<sourceEntity>7CC67D70-274E-56BC-EF24-0B3C94E0032C</sourceEntity>
<targetCardinalityString>*</targetCardinalityString>
<targetEntity>F9ADAA0C-5398-6978-F2AD-DB64885C6B4B</targetEntity>
<transferable>true</transferable>
<deleteRule>NO ACTION</deleteRule>
</Relation>