<?xml version = '1.0' encoding = 'UTF-8'?>
<Relation class="oracle.dbtools.crest.model.design.logical.Relation" name="Relation_6" directorySegmentName="seg_0" id="CDD3E5B8-3541-1A0B-E39A-81664FEA4DF7">
<createdBy>Rodo</createdBy>
<createdTime>2025-09-02 02:45:38 UTC</createdTime>
<ownerDesignName>Sum1_RodolfoCisterna</ownerDesignName>
<engineerTo>
<item key="4E46B517-CE72-1FBB-6F65-E135CEBA230D" value="true"/>
</engineerTo>
<sourcePk>225AB468-6945-9800-5009-54768B0B94D6</sourcePk>
<identifying>false</identifying>
<optionalSource>true</optionalSource>
<optionalTarget>false</optionalTarget>
<sourceCardinality>1</sourceCardinality>
<sourceEntity>56D5ADC4-45AF-BAD0-C3CB-5718FC5BF2A1</sourceEntity>
<targetCardinalityString>*</targetCardinalityString>
<targetEntity>799A4282-1A5C-9F01-257D-2DECC1B90A5F</targetEntity>
<transferable>true</transferable>
<deleteRule>NO ACTION</deleteRule>
</Relation>