<?xml version = '1.0' encoding = 'UTF-8'?>
<Relation class="oracle.dbtools.crest.model.design.logical.Relation" name="Relation_8" directorySegmentName="seg_0" id="F9A2844A-FF47-4FF7-5149-79648083C650">
<createdBy>Rodo</createdBy>
<createdTime>2025-09-02 02:49:13 UTC</createdTime>
<ownerDesignName>Sum1_RodolfoCisterna</ownerDesignName>
<engineerTo>
<item key="4E46B517-CE72-1FBB-6F65-E135CEBA230D" value="true"/>
</engineerTo>
<sourcePk>780C5746-38F6-3727-0BB7-6419797F90F8</sourcePk>
<identifying>false</identifying>
<optionalSource>false</optionalSource>
<optionalTarget>false</optionalTarget>
<sourceCardinality>1</sourceCardinality>
<sourceEntity>8FEB1758-8E95-ADF2-8091-065B8C4D2385</sourceEntity>
<targetCardinalityString>*</targetCardinalityString>
<targetEntity>08F12A1A-FE8B-79EF-2BF7-86C755407D33</targetEntity>
<transferable>true</transferable>
<deleteRule>NO ACTION</deleteRule>
</Relation>