<?xml version = '1.0' encoding = 'UTF-8'?>
<Table class="oracle.dbtools.crest.model.design.relational.Table" directorySegmentName="seg_0" id="07FF4EFB-C9FE-140F-FBD8-C196E5EC34F7" name="PACIENTE">
<sourceDDLFile>oracle_ddl.sql</sourceDDLFile>
<createdBy>Rodo</createdBy>
<createdTime>2025-09-16 01:19:22 UTC</createdTime>
<ownerDesignName>Exp2_S5_Rodolfo_Cisterna</ownerDesignName>
<importedID>F2920130-4918-FC45-EEDC-19CC5E26ED42</importedID>
<useDDLTransformationScript>true</useDDLTransformationScript>
<allowColumnReorder>false</allowColumnReorder>
<existDependencyGenerateInDDl>true</existDependencyGenerateInDDl>
<parsed>true</parsed>
<columns itemClass="oracle.dbtools.crest.model.design.relational.Column">
<Column name="id_paciente" id="9BDD97EC-0AB4-FD50-51A7-5F40DE36A9D2">
<sourceDDLFile>oracle_ddl.sql</sourceDDLFile>
<createdBy>Rodo</createdBy>
<createdTime>2025-09-16 01:19:22 UTC</createdTime>
<ownerDesignName>Exp2_S5_Rodolfo_Cisterna</ownerDesignName>
<importedID>A13CDAB0-231D-7747-5AC9-3B8F5E656EF9</importedID>
<use>0</use>
<logicalDatatype>LOGDT019</logicalDatatype>
<domain>44B7C0CF-8698-E2B1-7302-11A37DD042BE</domain>
<ownDataTypeParameters>,,</ownDataTypeParameters>
<autoIncrementColumn>true</autoIncrementColumn>
<identityColumn>true</identityColumn>
<autoIncrementGenerateAlways>true</autoIncrementGenerateAlways>
<autoIncrementCycle>false</autoIncrementCycle>
<autoIncrementOrder>false</autoIncrementOrder>
</Column>
<Column name="rut" id="402E8B4B-195A-A34D-13C4-07108641278C">
<sourceDDLFile>oracle_ddl.sql</sourceDDLFile>
<createdBy>Rodo</createdBy>
<createdTime>2025-09-16 01:19:22 UTC</createdTime>
<ownerDesignName>Exp2_S5_Rodolfo_Cisterna</ownerDesignName>
<importedID>B6F6372D-2267-D880-58D6-286394F6908E</importedID>
<use>0</use>
<logicalDatatype>LOGDT024</logicalDatatype>
<domain>799C4772-AC8E-A019-AB3D-12824A5652B8</domain>
<ownDataTypeParameters>,,</ownDataTypeParameters>
<autoIncrementCycle>false</autoIncrementCycle>
</Column>
<Column name="nombre" id="5ACB587B-CE02-C0C1-6A0A-57E06989BB49">
<sourceDDLFile>oracle_ddl.sql</sourceDDLFile>
<createdBy>Rodo</createdBy>
<createdTime>2025-09-16 01:19:22 UTC</createdTime>
<ownerDesignName>Exp2_S5_Rodolfo_Cisterna</ownerDesignName>
<importedID>8C022A81-06DE-829E-4DAF-C5D2E46D1CE3</importedID>
<use>0</use>
<logicalDatatype>LOGDT024</logicalDatatype>
<domain>E193F780-80D9-6E51-E008-FAFE6F37B1C1</domain>
<ownDataTypeParameters>,,</ownDataTypeParameters>
<autoIncrementCycle>false</autoIncrementCycle>
</Column>
<Column name="sexo" id="992DBA63-31BE-6586-19C4-D4CA33E2A64F">
<sourceDDLFile>oracle_ddl.sql</sourceDDLFile>
<createdBy>Rodo</createdBy>
<createdTime>2025-09-16 01:19:22 UTC</createdTime>
<ownerDesignName>Exp2_S5_Rodolfo_Cisterna</ownerDesignName>
<importedID>775526C3-E3DF-D7B6-411D-FE0F2BD3973A</importedID>
<use>0</use>
<logicalDatatype>LOGDT025</logicalDatatype>
<domain>2604F972-5F4A-94EF-4F70-D4F0C3F42113</domain>
<ownDataTypeParameters>,,</ownDataTypeParameters>
<autoIncrementCycle>false</autoIncrementCycle>
</Column>
<Column name="fecha_nac" id="ED9017C8-D108-06DD-3F6E-4D5377F9A753">
<sourceDDLFile>oracle_ddl.sql</sourceDDLFile>
<createdBy>Rodo</createdBy>
<createdTime>2025-09-16 01:19:22 UTC</createdTime>
<ownerDesignName>Exp2_S5_Rodolfo_Cisterna</ownerDesignName>
<importedID>5C01C48C-27EF-6EEF-6356-0E6B5DB82815</importedID>
<use>0</use>
<logicalDatatype>LOGDT007</logicalDatatype>
<domain>098F2674-06C1-9DB5-2589-A4968336C2CA</domain>
<ownDataTypeParameters>,,</ownDataTypeParameters>
<autoIncrementCycle>false</autoIncrementCycle>
</Column>
<Column name="direccion" id="44B284A9-93AF-1E86-9642-D28D1132337B">
<sourceDDLFile>oracle_ddl.sql</sourceDDLFile>
<createdBy>Rodo</createdBy>
<createdTime>2025-09-16 01:19:22 UTC</createdTime>
<ownerDesignName>Exp2_S5_Rodolfo_Cisterna</ownerDesignName>
<importedID>E84382AF-B076-8EDD-3D17-D6E1B1BCC926</importedID>
<nullsAllowed>true</nullsAllowed>
<use>0</use>
<logicalDatatype>LOGDT024</logicalDatatype>
<domain>9B651039-861E-9137-2341-A21AA493E0FF</domain>
<ownDataTypeParameters>,,</ownDataTypeParameters>
<autoIncrementCycle>false</autoIncrementCycle>
</Column>
<Column name="id_comuna" id="AD8504D7-C80B-4B4E-00B3-D1A719437CDB">
<sourceDDLFile>oracle_ddl.sql</sourceDDLFile>
<createdBy>Rodo</createdBy>
<createdTime>2025-09-16 01:19:22 UTC</createdTime>
<ownerDesignName>Exp2_S5_Rodolfo_Cisterna</ownerDesignName>
<importedID>3A63460D-A514-6017-DE4C-F2E91A8D6381</importedID>
<use>0</use>
<logicalDatatype>LOGDT019</logicalDatatype>
<domain>44B7C0CF-8698-E2B1-7302-11A37DD042BE</domain>
<ownDataTypeParameters>,,</ownDataTypeParameters>
<autoIncrementCycle>false</autoIncrementCycle>
<associations>
<colAssociation fkAssociation="1931C1BF-84D1-22E5-DAA3-881DA4494524" referredColumn="40159222-FFE1-2492-33DA-06C5B981F63E"/>
</associations>
</Column>
</columns>
<indexes itemClass="oracle.dbtools.crest.model.design.relational.Index">
<ind_PK_UK id="3611F70A-F852-21DE-AF31-B0AE343A5CAE" name="paciente_PK">
<sourceDDLFile>oracle_ddl.sql</sourceDDLFile>
<createdBy>Rodo</createdBy>
<createdTime>2025-09-16 01:19:22 UTC</createdTime>
<ownerDesignName>Exp2_S5_Rodolfo_Cisterna</ownerDesignName>
<importedID>4563DEE3-1F17-6064-9A37-12F7AFE43636</importedID>
<pk>true</pk>
<indexState>Primary Constraint</indexState>
<isSurrogateKey>false</isSurrogateKey>
<indexColumnUsage>
<colUsage columnID="9BDD97EC-0AB4-FD50-51A7-5F40DE36A9D2"/>
</indexColumnUsage>
</ind_PK_UK>
<ind_PK_UK id="EEDEF138-CB3D-6D67-F1F0-9EF82548D8C0" name="uq_paciente_rut">
<sourceDDLFile>oracle_ddl.sql</sourceDDLFile>
<createdBy>Rodo</createdBy>
<createdTime>2025-09-16 01:19:22 UTC</createdTime>
<ownerDesignName>Exp2_S5_Rodolfo_Cisterna</ownerDesignName>
<importedID>1861D688-81C5-A18C-3705-C018C3340DF5</importedID>
<indexState>Unique Constraint</indexState>
<isSurrogateKey>false</isSurrogateKey>
<indexColumnUsage>
<colUsage columnID="402E8B4B-195A-A34D-13C4-07108641278C"/>
</indexColumnUsage>
</ind_PK_UK>
<ind_PK_UK id="F803B8D5-CF34-627A-D3E6-671701213D10" name="ix_paciente_comuna">
<sourceDDLFile>oracle_ddl.sql</sourceDDLFile>
<createdBy>Rodo</createdBy>
<createdTime>2025-09-16 01:19:22 UTC</createdTime>
<ownerDesignName>Exp2_S5_Rodolfo_Cisterna</ownerDesignName>
<importedID>E6C0D6D6-2168-A811-25F0-74D5EABB2E0E</importedID>
<isSurrogateKey>false</isSurrogateKey>
<indexColumnUsage>
<colUsage columnID="AD8504D7-C80B-4B4E-00B3-D1A719437CDB"/>
</indexColumnUsage>
</ind_PK_UK>
<ind_PK_UK id="0599FD6C-F57B-72A8-5B81-74B73B9C9F6A" name="fk_paciente_comuna">
<createdBy>Rodo</createdBy>
<createdTime>2025-09-16 01:19:22 UTC</createdTime>
<ownerDesignName>Exp2_S5_Rodolfo_Cisterna</ownerDesignName>
<indexState>Foreign Key</indexState>
<isSurrogateKey>false</isSurrogateKey>
<indexColumnUsage>
<colUsage columnID="AD8504D7-C80B-4B4E-00B3-D1A719437CDB"/>
</indexColumnUsage>
</ind_PK_UK>
</indexes>
<tableCheckConstraints itemClass="oracle.dbtools.crest.model.design.constraint.TableLevelConstraint">
<tableCheckConstraint name="ck_paciente_sexo" directorySegmentName="seg_0" id="09105008-8827-2E84-2BDA-B995400C6855">
<sourceDDLFile>oracle_ddl.sql</sourceDDLFile>
<createdBy>Rodo</createdBy>
<createdTime>2025-09-16 01:19:22 UTC</createdTime>
<ownerDesignName>Exp2_S5_Rodolfo_Cisterna</ownerDesignName>
<importedID>96697C52-C366-5EE0-70F3-7D4A56CAFAC6</importedID>
<rule><![CDATA[sexo IN ('M','F','O')]]></rule>
</tableCheckConstraint>
</tableCheckConstraints>
</Table>