<?xml version = '1.0' encoding = 'UTF-8'?>
<Table class="oracle.dbtools.crest.model.design.relational.Table" directorySegmentName="seg_0" id="086156D8-F704-9FDC-1459-574FC89CA7CC" name="ATENCION MEDICA">
<sourceDDLFile>oracle_ddl.sql</sourceDDLFile>
<createdBy>Rodo</createdBy>
<createdTime>2025-09-16 01:19:21 UTC</createdTime>
<ownerDesignName>Exp2_S5_Rodolfo_Cisterna</ownerDesignName>
<importedID>A81057AB-0F8F-10AE-C831-7B8F10666F63</importedID>
<ordsAlias>atencion_medica</ordsAlias>
<useDDLTransformationScript>true</useDDLTransformationScript>
<allowColumnReorder>false</allowColumnReorder>
<existDependencyGenerateInDDl>true</existDependencyGenerateInDDl>
<parsed>true</parsed>
<columns itemClass="oracle.dbtools.crest.model.design.relational.Column">
<Column name="id_atencion" id="CF4E12C8-2147-9A67-6C92-27DF228BED2A">
<sourceDDLFile>oracle_ddl.sql</sourceDDLFile>
<createdBy>Rodo</createdBy>
<createdTime>2025-09-16 01:19:22 UTC</createdTime>
<ownerDesignName>Exp2_S5_Rodolfo_Cisterna</ownerDesignName>
<importedID>FC936738-1EC8-3514-06AE-117606B48464</importedID>
<use>0</use>
<logicalDatatype>LOGDT019</logicalDatatype>
<domain>44B7C0CF-8698-E2B1-7302-11A37DD042BE</domain>
<ownDataTypeParameters>,,</ownDataTypeParameters>
<autoIncrementColumn>true</autoIncrementColumn>
<identityColumn>true</identityColumn>
<autoIncrementGenerateAlways>true</autoIncrementGenerateAlways>
<autoIncrementCycle>false</autoIncrementCycle>
<autoIncrementOrder>false</autoIncrementOrder>
</Column>
<Column name="fecha_atencion" id="B52F4A54-55EF-3B6F-5009-AB431FA0FEB3">
<sourceDDLFile>oracle_ddl.sql</sourceDDLFile>
<createdBy>Rodo</createdBy>
<createdTime>2025-09-16 01:19:22 UTC</createdTime>
<ownerDesignName>Exp2_S5_Rodolfo_Cisterna</ownerDesignName>
<importedID>E5FC7E69-C73A-64F2-25A7-F3F30B15F606</importedID>
<use>0</use>
<logicalDatatype>LOGDT007</logicalDatatype>
<domain>098F2674-06C1-9DB5-2589-A4968336C2CA</domain>
<ownDataTypeParameters>,,</ownDataTypeParameters>
<autoIncrementCycle>false</autoIncrementCycle>
</Column>
<Column name="hora" id="9E6298D0-E66F-DAD9-4309-BDC899EB304D">
<sourceDDLFile>oracle_ddl.sql</sourceDDLFile>
<createdBy>Rodo</createdBy>
<createdTime>2025-09-16 01:19:22 UTC</createdTime>
<ownerDesignName>Exp2_S5_Rodolfo_Cisterna</ownerDesignName>
<importedID>98557674-C425-CCE8-5D4A-1CE7F2C4F618</importedID>
<use>0</use>
<logicalDatatype>LOGDT024</logicalDatatype>
<domain>BE95E727-7CCE-9A48-62BB-EC562B96390C</domain>
<ownDataTypeParameters>,,</ownDataTypeParameters>
<autoIncrementCycle>false</autoIncrementCycle>
</Column>
<Column name="tipo_atencion" id="CAEA9C11-817D-9041-61B9-450A95C61384">
<sourceDDLFile>oracle_ddl.sql</sourceDDLFile>
<createdBy>Rodo</createdBy>
<createdTime>2025-09-16 01:19:22 UTC</createdTime>
<ownerDesignName>Exp2_S5_Rodolfo_Cisterna</ownerDesignName>
<importedID>F995B2F0-59E8-22D2-586A-81146607607C</importedID>
<use>0</use>
<logicalDatatype>LOGDT024</logicalDatatype>
<domain>7EEB8A39-7E37-564D-24EE-61151233CBF2</domain>
<ownDataTypeParameters>,,</ownDataTypeParameters>
<autoIncrementCycle>false</autoIncrementCycle>
</Column>
<Column name="diagnostico" id="B7414177-7B62-A595-6738-47C98EC75BD5">
<sourceDDLFile>oracle_ddl.sql</sourceDDLFile>
<createdBy>Rodo</createdBy>
<createdTime>2025-09-16 01:19:22 UTC</createdTime>
<ownerDesignName>Exp2_S5_Rodolfo_Cisterna</ownerDesignName>
<importedID>087DA88D-6049-E63E-7542-9F9FA58A29C2</importedID>
<nullsAllowed>true</nullsAllowed>
<use>0</use>
<logicalDatatype>LOGDT024</logicalDatatype>
<domain>8EDECB32-00A9-AE9B-0F60-714970CAE062</domain>
<ownDataTypeParameters>,,</ownDataTypeParameters>
<autoIncrementCycle>false</autoIncrementCycle>
</Column>
<Column name="id_paciente" id="A94006BA-E748-B7BC-A89D-B86EED5C7EF7">
<sourceDDLFile>oracle_ddl.sql</sourceDDLFile>
<createdBy>Rodo</createdBy>
<createdTime>2025-09-16 01:19:22 UTC</createdTime>
<ownerDesignName>Exp2_S5_Rodolfo_Cisterna</ownerDesignName>
<importedID>4975690C-CE2C-A7AF-C1EA-729ECDDCA400</importedID>
<use>0</use>
<logicalDatatype>LOGDT019</logicalDatatype>
<domain>44B7C0CF-8698-E2B1-7302-11A37DD042BE</domain>
<ownDataTypeParameters>,,</ownDataTypeParameters>
<autoIncrementCycle>false</autoIncrementCycle>
<associations>
<colAssociation fkAssociation="86B1646D-ACC1-47A9-D8DF-BC2181A9C6C8" referredColumn="9BDD97EC-0AB4-FD50-51A7-5F40DE36A9D2"/>
</associations>
</Column>
<Column name="id_medico" id="FFD04FA4-1F6B-9BA4-3959-B033CBD450CC">
<sourceDDLFile>oracle_ddl.sql</sourceDDLFile>
<createdBy>Rodo</createdBy>
<createdTime>2025-09-16 01:19:22 UTC</createdTime>
<ownerDesignName>Exp2_S5_Rodolfo_Cisterna</ownerDesignName>
<importedID>D2091C83-0C70-D2CD-F172-A26603D7BB14</importedID>
<use>0</use>
<logicalDatatype>LOGDT019</logicalDatatype>
<domain>44B7C0CF-8698-E2B1-7302-11A37DD042BE</domain>
<ownDataTypeParameters>,,</ownDataTypeParameters>
<autoIncrementCycle>false</autoIncrementCycle>
<associations>
<colAssociation fkAssociation="56F5DA6F-1F56-9C76-DCDE-1B99A5AAF720" referredColumn="454B8E9E-BF0F-31D7-9990-E70AF625F228"/>
</associations>
</Column>
<Column name="id_cita" id="CB68B0F7-DE64-16C0-31F6-AF58344100F2">
<sourceDDLFile>oracle_ddl.sql</sourceDDLFile>
<createdBy>Rodo</createdBy>
<createdTime>2025-09-16 01:19:22 UTC</createdTime>
<ownerDesignName>Exp2_S5_Rodolfo_Cisterna</ownerDesignName>
<importedID>319E49BB-5159-DAD5-E4DA-33511B0A2C19</importedID>
<nullsAllowed>true</nullsAllowed>
<use>0</use>
<logicalDatatype>LOGDT019</logicalDatatype>
<domain>44B7C0CF-8698-E2B1-7302-11A37DD042BE</domain>
<ownDataTypeParameters>,,</ownDataTypeParameters>
<autoIncrementCycle>false</autoIncrementCycle>
<associations>
<colAssociation fkAssociation="0E076C51-70A2-7A34-FF41-35E4D0452A94" referredColumn="4FC88984-06AA-E9CF-46F0-33F44BF83ECF"/>
</associations>
</Column>
</columns>
<indexes itemClass="oracle.dbtools.crest.model.design.relational.Index">
<ind_PK_UK id="B3E07FF7-2F84-A565-10E1-110622987C38" name="atencion_medica_PK">
<sourceDDLFile>oracle_ddl.sql</sourceDDLFile>
<createdBy>Rodo</createdBy>
<createdTime>2025-09-16 01:19:22 UTC</createdTime>
<ownerDesignName>Exp2_S5_Rodolfo_Cisterna</ownerDesignName>
<importedID>9A6D843B-6D67-BB5B-7E18-BAD8F9D6C399</importedID>
<pk>true</pk>
<indexState>Primary Constraint</indexState>
<isSurrogateKey>false</isSurrogateKey>
<indexColumnUsage>
<colUsage columnID="CF4E12C8-2147-9A67-6C92-27DF228BED2A"/>
</indexColumnUsage>
</ind_PK_UK>
<ind_PK_UK id="3D5678AA-B865-818B-8FC0-5CA2F6D56108" name="uq_atencion_cita">
<sourceDDLFile>oracle_ddl.sql</sourceDDLFile>
<createdBy>Rodo</createdBy>
<createdTime>2025-09-16 01:19:22 UTC</createdTime>
<ownerDesignName>Exp2_S5_Rodolfo_Cisterna</ownerDesignName>
<importedID>7893F97C-DAFC-5C35-0893-DE36EB317FA2</importedID>
<indexState>Unique Constraint</indexState>
<isSurrogateKey>false</isSurrogateKey>
<indexColumnUsage>
<colUsage columnID="CB68B0F7-DE64-16C0-31F6-AF58344100F2"/>
</indexColumnUsage>
</ind_PK_UK>
<ind_PK_UK id="5479CDCF-9D7C-20D8-FF65-5A2063A8157B" name="ix_atencion_paciente">
<sourceDDLFile>oracle_ddl.sql</sourceDDLFile>
<createdBy>Rodo</createdBy>
<createdTime>2025-09-16 01:19:22 UTC</createdTime>
<ownerDesignName>Exp2_S5_Rodolfo_Cisterna</ownerDesignName>
<importedID>2EAB1E0C-860C-46A3-DF73-E905AAA310AA</importedID>
<isSurrogateKey>false</isSurrogateKey>
<indexColumnUsage>
<colUsage columnID="A94006BA-E748-B7BC-A89D-B86EED5C7EF7"/>
</indexColumnUsage>
</ind_PK_UK>
<ind_PK_UK id="4DE77C14-E2A7-EEC8-48AE-3EF343CC4BAC" name="ix_atencion_medico">
<sourceDDLFile>oracle_ddl.sql</sourceDDLFile>
<createdBy>Rodo</createdBy>
<createdTime>2025-09-16 01:19:22 UTC</createdTime>
<ownerDesignName>Exp2_S5_Rodolfo_Cisterna</ownerDesignName>
<importedID>4CD25152-B90C-29FC-93C3-964FC8B60149</importedID>
<isSurrogateKey>false</isSurrogateKey>
<indexColumnUsage>
<colUsage columnID="FFD04FA4-1F6B-9BA4-3959-B033CBD450CC"/>
</indexColumnUsage>
</ind_PK_UK>
<ind_PK_UK id="0DF435F0-D39F-A31E-9851-94ABBC8B9DD6" name="fk_medico_cita">
<createdBy>Rodo</createdBy>
<createdTime>2025-09-16 01:19:22 UTC</createdTime>
<ownerDesignName>Exp2_S5_Rodolfo_Cisterna</ownerDesignName>
<indexState>Foreign Key</indexState>
<isSurrogateKey>false</isSurrogateKey>
<indexColumnUsage>
<colUsage columnID="CB68B0F7-DE64-16C0-31F6-AF58344100F2"/>
</indexColumnUsage>
</ind_PK_UK>
<ind_PK_UK id="FDCC8AAC-B3F8-B043-85F3-FF1A38089CA0" name="fk_medico_medico">
<createdBy>Rodo</createdBy>
<createdTime>2025-09-16 01:19:22 UTC</createdTime>
<ownerDesignName>Exp2_S5_Rodolfo_Cisterna</ownerDesignName>
<indexState>Foreign Key</indexState>
<isSurrogateKey>false</isSurrogateKey>
<indexColumnUsage>
<colUsage columnID="FFD04FA4-1F6B-9BA4-3959-B033CBD450CC"/>
</indexColumnUsage>
</ind_PK_UK>
<ind_PK_UK id="F79CC7E4-AD99-DE33-204A-B13D667AF881" name="fk_medico_paciente">
<createdBy>Rodo</createdBy>
<createdTime>2025-09-16 01:19:22 UTC</createdTime>
<ownerDesignName>Exp2_S5_Rodolfo_Cisterna</ownerDesignName>
<indexState>Foreign Key</indexState>
<isSurrogateKey>false</isSurrogateKey>
<indexColumnUsage>
<colUsage columnID="A94006BA-E748-B7BC-A89D-B86EED5C7EF7"/>
</indexColumnUsage>
</ind_PK_UK>
</indexes>
<tableCheckConstraints itemClass="oracle.dbtools.crest.model.design.constraint.TableLevelConstraint">
<tableCheckConstraint name="ck_at_tipo" directorySegmentName="seg_0" id="A0985BA4-0597-BF9E-ADBD-E9A3F99A0410">
<sourceDDLFile>oracle_ddl.sql</sourceDDLFile>
<createdBy>Rodo</createdBy>
<createdTime>2025-09-16 01:19:22 UTC</createdTime>
<ownerDesignName>Exp2_S5_Rodolfo_Cisterna</ownerDesignName>
<importedID>D107FC77-D96E-4677-B16D-939C364AD463</importedID>
<rule><![CDATA[tipo_atencion IN ('General','Urgencia','Preventiva')]]></rule>
</tableCheckConstraint>
</tableCheckConstraints>
</Table>