<?xml version = '1.0' encoding = 'UTF-8'?>
<Table class="oracle.dbtools.crest.model.design.relational.Table" directorySegmentName="seg_0" id="1ED45C87-4E7B-9089-AB21-EEA99FEAC7BB" name="COMUNA">
<sourceDDLFile>oracle_ddl.sql</sourceDDLFile>
<createdBy>Rodo</createdBy>
<createdTime>2025-09-16 01:19:21 UTC</createdTime>
<ownerDesignName>Exp2_S5_Rodolfo_Cisterna</ownerDesignName>
<importedID>E84096CB-5DFF-7F39-1AC0-4C25853416AC</importedID>
<useDDLTransformationScript>true</useDDLTransformationScript>
<allowColumnReorder>false</allowColumnReorder>
<existDependencyGenerateInDDl>true</existDependencyGenerateInDDl>
<parsed>true</parsed>
<columns itemClass="oracle.dbtools.crest.model.design.relational.Column">
<Column name="id_comuna" id="40159222-FFE1-2492-33DA-06C5B981F63E">
<sourceDDLFile>oracle_ddl.sql</sourceDDLFile>
<createdBy>Rodo</createdBy>
<createdTime>2025-09-16 01:19:22 UTC</createdTime>
<ownerDesignName>Exp2_S5_Rodolfo_Cisterna</ownerDesignName>
<importedID>9963A2E3-0759-3DDB-110E-8A6E86836DB4</importedID>
<use>0</use>
<logicalDatatype>LOGDT019</logicalDatatype>
<domain>44B7C0CF-8698-E2B1-7302-11A37DD042BE</domain>
<ownDataTypeParameters>,,</ownDataTypeParameters>
<autoIncrementColumn>true</autoIncrementColumn>
<identityColumn>true</identityColumn>
<autoIncrementGenerateAlways>true</autoIncrementGenerateAlways>
<autoIncrementCycle>false</autoIncrementCycle>
<autoIncrementOrder>false</autoIncrementOrder>
</Column>
<Column name="nombre" id="19B92100-943B-A2BD-EAF9-1FB514A9CCCF">
<sourceDDLFile>oracle_ddl.sql</sourceDDLFile>
<createdBy>Rodo</createdBy>
<createdTime>2025-09-16 01:19:22 UTC</createdTime>
<ownerDesignName>Exp2_S5_Rodolfo_Cisterna</ownerDesignName>
<importedID>AD7023A6-BF13-4D04-9F8D-3E16AF3F2BD9</importedID>
<use>0</use>
<logicalDatatype>LOGDT024</logicalDatatype>
<domain>2BC6F92C-9B33-F82B-1481-8EE71CD2C037</domain>
<ownDataTypeParameters>,,</ownDataTypeParameters>
<autoIncrementCycle>false</autoIncrementCycle>
</Column>
<Column name="id_region" id="194364E6-081A-4C55-2208-DB6C8BD2FA41">
<sourceDDLFile>oracle_ddl.sql</sourceDDLFile>
<createdBy>Rodo</createdBy>
<createdTime>2025-09-16 01:19:22 UTC</createdTime>
<ownerDesignName>Exp2_S5_Rodolfo_Cisterna</ownerDesignName>
<importedID>973424EC-CE47-1060-770B-18BAB2C2ABDC</importedID>
<use>0</use>
<logicalDatatype>LOGDT019</logicalDatatype>
<domain>44B7C0CF-8698-E2B1-7302-11A37DD042BE</domain>
<ownDataTypeParameters>,,</ownDataTypeParameters>
<autoIncrementCycle>false</autoIncrementCycle>
<associations>
<colAssociation fkAssociation="2B0B16C4-02D2-7D1D-04F6-A3F0F7AAEB79" referredColumn="5852A8B5-334F-5B77-106C-537B9AFAD26C"/>
</associations>
</Column>
</columns>
<indexes itemClass="oracle.dbtools.crest.model.design.relational.Index">
<ind_PK_UK id="528D33A3-3ECE-DE18-C9BE-DB23B19690AA" name="comuna_PK">
<sourceDDLFile>oracle_ddl.sql</sourceDDLFile>
<createdBy>Rodo</createdBy>
<createdTime>2025-09-16 01:19:22 UTC</createdTime>
<ownerDesignName>Exp2_S5_Rodolfo_Cisterna</ownerDesignName>
<importedID>B5B6CC9A-74EE-5B1D-D0D5-95E85F403FF7</importedID>
<pk>true</pk>
<indexState>Primary Constraint</indexState>
<isSurrogateKey>false</isSurrogateKey>
<indexColumnUsage>
<colUsage columnID="40159222-FFE1-2492-33DA-06C5B981F63E"/>
</indexColumnUsage>
</ind_PK_UK>
<ind_PK_UK id="457FDA1F-C950-8CE3-50BB-646AB2F269DC" name="uq_comuna">
<sourceDDLFile>oracle_ddl.sql</sourceDDLFile>
<createdBy>Rodo</createdBy>
<createdTime>2025-09-16 01:19:22 UTC</createdTime>
<ownerDesignName>Exp2_S5_Rodolfo_Cisterna</ownerDesignName>
<importedID>58E0D180-5CCA-3136-73E6-949F2574CB10</importedID>
<indexState>Unique Constraint</indexState>
<isSurrogateKey>false</isSurrogateKey>
<indexColumnUsage>
<colUsage columnID="19B92100-943B-A2BD-EAF9-1FB514A9CCCF"/>
<colUsage columnID="194364E6-081A-4C55-2208-DB6C8BD2FA41"/>
</indexColumnUsage>
</ind_PK_UK>
<ind_PK_UK id="1FDDD048-084B-2F97-3C65-7EDD8F9E6C3B" name="ix_comuna_region">
<sourceDDLFile>oracle_ddl.sql</sourceDDLFile>
<createdBy>Rodo</createdBy>
<createdTime>2025-09-16 01:19:22 UTC</createdTime>
<ownerDesignName>Exp2_S5_Rodolfo_Cisterna</ownerDesignName>
<importedID>254C6403-33FD-FD8D-CE52-289F5A6FA87D</importedID>
<isSurrogateKey>false</isSurrogateKey>
<indexColumnUsage>
<colUsage columnID="194364E6-081A-4C55-2208-DB6C8BD2FA41"/>
</indexColumnUsage>
</ind_PK_UK>
<ind_PK_UK id="1E892AE9-E710-7CAB-6577-C74694209F9A" name="fk_comuna_region">
<createdBy>Rodo</createdBy>
<createdTime>2025-09-16 01:19:22 UTC</createdTime>
<ownerDesignName>Exp2_S5_Rodolfo_Cisterna</ownerDesignName>
<indexState>Foreign Key</indexState>
<isSurrogateKey>false</isSurrogateKey>
<indexColumnUsage>
<colUsage columnID="194364E6-081A-4C55-2208-DB6C8BD2FA41"/>
</indexColumnUsage>
</ind_PK_UK>
</indexes>
</Table>