<?xml version = '1.0' encoding = 'UTF-8'?>
<Table class="oracle.dbtools.crest.model.design.relational.Table" directorySegmentName="seg_0" id="71F767C0-1D55-CEE2-E965-FA5D04B74F3A" name="MEDICO">
<sourceDDLFile>oracle_ddl.sql</sourceDDLFile>
<createdBy>Rodo</createdBy>
<createdTime>2025-09-16 01:19:22 UTC</createdTime>
<ownerDesignName>Exp2_S5_Rodolfo_Cisterna</ownerDesignName>
<importedID>1D194097-F6B0-328A-E232-B69F645C8D3D</importedID>
<useDDLTransformationScript>true</useDDLTransformationScript>
<allowColumnReorder>false</allowColumnReorder>
<existDependencyGenerateInDDl>true</existDependencyGenerateInDDl>
<parsed>true</parsed>
<columns itemClass="oracle.dbtools.crest.model.design.relational.Column">
<Column name="id_medico" id="454B8E9E-BF0F-31D7-9990-E70AF625F228">
<sourceDDLFile>oracle_ddl.sql</sourceDDLFile>
<createdBy>Rodo</createdBy>
<createdTime>2025-09-16 01:19:22 UTC</createdTime>
<ownerDesignName>Exp2_S5_Rodolfo_Cisterna</ownerDesignName>
<importedID>EA6C9734-F45D-D540-E1F1-4DFF7E30D667</importedID>
<use>0</use>
<logicalDatatype>LOGDT019</logicalDatatype>
<domain>44B7C0CF-8698-E2B1-7302-11A37DD042BE</domain>
<ownDataTypeParameters>,,</ownDataTypeParameters>
<autoIncrementColumn>true</autoIncrementColumn>
<identityColumn>true</identityColumn>
<autoIncrementGenerateAlways>true</autoIncrementGenerateAlways>
<autoIncrementCycle>false</autoIncrementCycle>
<autoIncrementOrder>false</autoIncrementOrder>
</Column>
<Column name="rut" id="B8E3AD83-05D4-3EA2-0996-E154DA3359E8">
<sourceDDLFile>oracle_ddl.sql</sourceDDLFile>
<createdBy>Rodo</createdBy>
<createdTime>2025-09-16 01:19:22 UTC</createdTime>
<ownerDesignName>Exp2_S5_Rodolfo_Cisterna</ownerDesignName>
<importedID>BD6C6AE0-2E99-EB32-15B5-6B7B943C9BEF</importedID>
<use>0</use>
<logicalDatatype>LOGDT024</logicalDatatype>
<domain>799C4772-AC8E-A019-AB3D-12824A5652B8</domain>
<ownDataTypeParameters>,,</ownDataTypeParameters>
<autoIncrementCycle>false</autoIncrementCycle>
</Column>
<Column name="nombre" id="254BF937-8DD0-C2BA-6AC6-BED86C1B0B97">
<sourceDDLFile>oracle_ddl.sql</sourceDDLFile>
<createdBy>Rodo</createdBy>
<createdTime>2025-09-16 01:19:22 UTC</createdTime>
<ownerDesignName>Exp2_S5_Rodolfo_Cisterna</ownerDesignName>
<importedID>59345139-C2E5-52AB-F1D4-DA187AE6C172</importedID>
<use>0</use>
<logicalDatatype>LOGDT024</logicalDatatype>
<domain>E193F780-80D9-6E51-E008-FAFE6F37B1C1</domain>
<ownDataTypeParameters>,,</ownDataTypeParameters>
<autoIncrementCycle>false</autoIncrementCycle>
</Column>
<Column name="fecha_ingreso" id="001CDB93-A564-A2AF-6227-6243D5C467ED">
<sourceDDLFile>oracle_ddl.sql</sourceDDLFile>
<createdBy>Rodo</createdBy>
<createdTime>2025-09-16 01:19:22 UTC</createdTime>
<ownerDesignName>Exp2_S5_Rodolfo_Cisterna</ownerDesignName>
<importedID>B7D8BBB1-D7EC-F8F5-3787-DB55145461E2</importedID>
<use>0</use>
<logicalDatatype>LOGDT007</logicalDatatype>
<domain>098F2674-06C1-9DB5-2589-A4968336C2CA</domain>
<ownDataTypeParameters>,,</ownDataTypeParameters>
<autoIncrementCycle>false</autoIncrementCycle>
</Column>
<Column name="id_especialidad" id="B277587B-A38D-4973-279C-31040866CFE9">
<sourceDDLFile>oracle_ddl.sql</sourceDDLFile>
<createdBy>Rodo</createdBy>
<createdTime>2025-09-16 01:19:22 UTC</createdTime>
<ownerDesignName>Exp2_S5_Rodolfo_Cisterna</ownerDesignName>
<importedID>C150766F-B5FD-C462-ADC6-F029F276D575</importedID>
<use>0</use>
<logicalDatatype>LOGDT019</logicalDatatype>
<domain>44B7C0CF-8698-E2B1-7302-11A37DD042BE</domain>
<ownDataTypeParameters>,,</ownDataTypeParameters>
<autoIncrementCycle>false</autoIncrementCycle>
<associations>
<colAssociation fkAssociation="62F259E8-CA2B-E262-82A6-F7ED2E603DAB" referredColumn="9D71AFC9-AEFA-5C76-8119-BB2B3609DB56"/>
</associations>
</Column>
<Column name="id_afp" id="E6C8FC7E-58CF-685E-2931-88FBAF90113A">
<sourceDDLFile>oracle_ddl.sql</sourceDDLFile>
<createdBy>Rodo</createdBy>
<createdTime>2025-09-16 01:19:22 UTC</createdTime>
<ownerDesignName>Exp2_S5_Rodolfo_Cisterna</ownerDesignName>
<importedID>2E8FF302-2BA0-47FF-A2C1-7F3677C50670</importedID>
<nullsAllowed>true</nullsAllowed>
<use>0</use>
<logicalDatatype>LOGDT019</logicalDatatype>
<domain>44B7C0CF-8698-E2B1-7302-11A37DD042BE</domain>
<ownDataTypeParameters>,,</ownDataTypeParameters>
<autoIncrementCycle>false</autoIncrementCycle>
<associations>
<colAssociation fkAssociation="BD74B5CB-F328-1451-AA2C-651D9B20A50F" referredColumn="1DE71F48-3794-27AA-3BEB-AA3F1A5EE717"/>
</associations>
</Column>
<Column name="id_institucion" id="972D490A-F996-EB98-3977-BF5B964CBECA">
<sourceDDLFile>oracle_ddl.sql</sourceDDLFile>
<createdBy>Rodo</createdBy>
<createdTime>2025-09-16 01:19:22 UTC</createdTime>
<ownerDesignName>Exp2_S5_Rodolfo_Cisterna</ownerDesignName>
<importedID>AE13ED35-D0D5-8A33-5283-CEC061A7B1B1</importedID>
<nullsAllowed>true</nullsAllowed>
<use>0</use>
<logicalDatatype>LOGDT019</logicalDatatype>
<domain>44B7C0CF-8698-E2B1-7302-11A37DD042BE</domain>
<ownDataTypeParameters>,,</ownDataTypeParameters>
<autoIncrementCycle>false</autoIncrementCycle>
<associations>
<colAssociation fkAssociation="98417B96-6B29-08DD-C9EA-73110D8F0280" referredColumn="3C55940C-C640-5FED-252C-3464337BD2B4"/>
</associations>
</Column>
<Column name="id_supervisor" id="28DB11E2-6C21-A160-EFBA-69DC578CC82D">
<sourceDDLFile>oracle_ddl.sql</sourceDDLFile>
<createdBy>Rodo</createdBy>
<createdTime>2025-09-16 01:19:22 UTC</createdTime>
<ownerDesignName>Exp2_S5_Rodolfo_Cisterna</ownerDesignName>
<importedID>E49F0D08-50A6-507F-F7F3-9DA1C71EBEE0</importedID>
<nullsAllowed>true</nullsAllowed>
<use>0</use>
<logicalDatatype>LOGDT019</logicalDatatype>
<domain>44B7C0CF-8698-E2B1-7302-11A37DD042BE</domain>
<ownDataTypeParameters>,,</ownDataTypeParameters>
<autoIncrementCycle>false</autoIncrementCycle>
<associations>
<colAssociation fkAssociation="661C62E6-237A-6C39-5E56-6CFAF8A00585" referredColumn="454B8E9E-BF0F-31D7-9990-E70AF625F228"/>
</associations>
</Column>
</columns>
<indexes itemClass="oracle.dbtools.crest.model.design.relational.Index">
<ind_PK_UK id="80C780A8-A894-773E-AC63-760B7E2BB3C9" name="medico_PK">
<sourceDDLFile>oracle_ddl.sql</sourceDDLFile>
<createdBy>Rodo</createdBy>
<createdTime>2025-09-16 01:19:22 UTC</createdTime>
<ownerDesignName>Exp2_S5_Rodolfo_Cisterna</ownerDesignName>
<importedID>B5E452B9-9316-6A06-B5C4-865B5163B822</importedID>
<pk>true</pk>
<indexState>Primary Constraint</indexState>
<isSurrogateKey>false</isSurrogateKey>
<indexColumnUsage>
<colUsage columnID="454B8E9E-BF0F-31D7-9990-E70AF625F228"/>
</indexColumnUsage>
</ind_PK_UK>
<ind_PK_UK id="CE631515-159D-40C4-8A13-438B71584DE4" name="uq_medico_rut">
<sourceDDLFile>oracle_ddl.sql</sourceDDLFile>
<createdBy>Rodo</createdBy>
<createdTime>2025-09-16 01:19:22 UTC</createdTime>
<ownerDesignName>Exp2_S5_Rodolfo_Cisterna</ownerDesignName>
<importedID>AA160450-F9FC-EAC7-8734-ADB73DC31FC3</importedID>
<indexState>Unique Constraint</indexState>
<isSurrogateKey>false</isSurrogateKey>
<indexColumnUsage>
<colUsage columnID="B8E3AD83-05D4-3EA2-0996-E154DA3359E8"/>
</indexColumnUsage>
</ind_PK_UK>
<ind_PK_UK id="79882F2D-68F9-3FE3-CE04-A3D2D3D53D58" name="ix_medico_especialidad">
<sourceDDLFile>oracle_ddl.sql</sourceDDLFile>
<createdBy>Rodo</createdBy>
<createdTime>2025-09-16 01:19:22 UTC</createdTime>
<ownerDesignName>Exp2_S5_Rodolfo_Cisterna</ownerDesignName>
<importedID>3CAAF269-9AF9-B970-1CB7-A54CD4756E98</importedID>
<isSurrogateKey>false</isSurrogateKey>
<indexColumnUsage>
<colUsage columnID="B277587B-A38D-4973-279C-31040866CFE9"/>
</indexColumnUsage>
</ind_PK_UK>
<ind_PK_UK id="B47B6FFA-56B8-2127-AA01-F015903A4D26" name="ix_medico_afp">
<sourceDDLFile>oracle_ddl.sql</sourceDDLFile>
<createdBy>Rodo</createdBy>
<createdTime>2025-09-16 01:19:22 UTC</createdTime>
<ownerDesignName>Exp2_S5_Rodolfo_Cisterna</ownerDesignName>
<importedID>0FF97153-8540-A534-ABA4-933E212CAD6C</importedID>
<isSurrogateKey>false</isSurrogateKey>
<indexColumnUsage>
<colUsage columnID="E6C8FC7E-58CF-685E-2931-88FBAF90113A"/>
</indexColumnUsage>
</ind_PK_UK>
<ind_PK_UK id="1B2DFEAC-0913-3D90-1293-AFC940314956" name="ix_medico_institucion">
<sourceDDLFile>oracle_ddl.sql</sourceDDLFile>
<createdBy>Rodo</createdBy>
<createdTime>2025-09-16 01:19:22 UTC</createdTime>
<ownerDesignName>Exp2_S5_Rodolfo_Cisterna</ownerDesignName>
<importedID>49134CD3-975F-2BA0-3BEE-FFFD053B5EC1</importedID>
<isSurrogateKey>false</isSurrogateKey>
<indexColumnUsage>
<colUsage columnID="972D490A-F996-EB98-3977-BF5B964CBECA"/>
</indexColumnUsage>
</ind_PK_UK>
<ind_PK_UK id="0D5328C2-D820-2471-EA0A-53F325944025" name="fk_medico_afp">
<createdBy>Rodo</createdBy>
<createdTime>2025-09-16 01:19:22 UTC</createdTime>
<ownerDesignName>Exp2_S5_Rodolfo_Cisterna</ownerDesignName>
<indexState>Foreign Key</indexState>
<isSurrogateKey>false</isSurrogateKey>
<indexColumnUsage>
<colUsage columnID="E6C8FC7E-58CF-685E-2931-88FBAF90113A"/>
</indexColumnUsage>
</ind_PK_UK>
<ind_PK_UK id="62462051-CED2-8C9B-7AC9-2BBC80D28520" name="fk_medico_especialidad">
<createdBy>Rodo</createdBy>
<createdTime>2025-09-16 01:19:22 UTC</createdTime>
<ownerDesignName>Exp2_S5_Rodolfo_Cisterna</ownerDesignName>
<indexState>Foreign Key</indexState>
<isSurrogateKey>false</isSurrogateKey>
<indexColumnUsage>
<colUsage columnID="B277587B-A38D-4973-279C-31040866CFE9"/>
</indexColumnUsage>
</ind_PK_UK>
<ind_PK_UK id="C9DC6C53-F7B3-86A8-FA71-B9FDB7A7894E" name="fk_medico_institucion">
<createdBy>Rodo</createdBy>
<createdTime>2025-09-16 01:19:22 UTC</createdTime>
<ownerDesignName>Exp2_S5_Rodolfo_Cisterna</ownerDesignName>
<indexState>Foreign Key</indexState>
<isSurrogateKey>false</isSurrogateKey>
<indexColumnUsage>
<colUsage columnID="972D490A-F996-EB98-3977-BF5B964CBECA"/>
</indexColumnUsage>
</ind_PK_UK>
<ind_PK_UK id="B3FC3384-3140-D09B-A7EA-87DA795F8B89" name="fk_medico_supervisor">
<createdBy>Rodo</createdBy>
<createdTime>2025-09-16 01:19:22 UTC</createdTime>
<ownerDesignName>Exp2_S5_Rodolfo_Cisterna</ownerDesignName>
<indexState>Foreign Key</indexState>
<isSurrogateKey>false</isSurrogateKey>
<indexColumnUsage>
<colUsage columnID="28DB11E2-6C21-A160-EFBA-69DC578CC82D"/>
</indexColumnUsage>
</ind_PK_UK>
</indexes>
<tableCheckConstraints itemClass="oracle.dbtools.crest.model.design.constraint.TableLevelConstraint">
<tableCheckConstraint name="ck_medico_no_autosuper" directorySegmentName="seg_0" id="0976137F-5BBB-74C1-2D39-6C48A954D757">
<sourceDDLFile>oracle_ddl.sql</sourceDDLFile>
<createdBy>Rodo</createdBy>
<createdTime>2025-09-16 01:19:22 UTC</createdTime>
<ownerDesignName>Exp2_S5_Rodolfo_Cisterna</ownerDesignName>
<importedID>935D3D04-C117-B2D8-B9C6-98F9FDA9CA3B</importedID>
<rule><![CDATA[id_supervisor IS NULL OR id_supervisor <> id_medico]]></rule>
</tableCheckConstraint>
</tableCheckConstraints>
</Table>