<?xml version = '1.0' encoding = 'UTF-8'?>
<Table class="oracle.dbtools.crest.model.design.relational.Table" directorySegmentName="seg_0" id="AD914C13-7454-575A-E36F-891B0C0AD0AF" name="ESPECIALIDAD">
<sourceDDLFile>oracle_ddl.sql</sourceDDLFile>
<createdBy>Rodo</createdBy>
<createdTime>2025-09-16 01:19:22 UTC</createdTime>
<ownerDesignName>Exp2_S5_Rodolfo_Cisterna</ownerDesignName>
<importedID>E5154658-A14B-2813-EAE3-07CDD6E76B1A</importedID>
<useDDLTransformationScript>true</useDDLTransformationScript>
<allowColumnReorder>false</allowColumnReorder>
<existDependencyGenerateInDDl>true</existDependencyGenerateInDDl>
<parsed>true</parsed>
<columns itemClass="oracle.dbtools.crest.model.design.relational.Column">
<Column name="id_especialidad" id="9D71AFC9-AEFA-5C76-8119-BB2B3609DB56">
<sourceDDLFile>oracle_ddl.sql</sourceDDLFile>
<createdBy>Rodo</createdBy>
<createdTime>2025-09-16 01:19:22 UTC</createdTime>
<ownerDesignName>Exp2_S5_Rodolfo_Cisterna</ownerDesignName>
<importedID>EA4D74C8-D428-38B5-8025-8F994164F0B5</importedID>
<use>0</use>
<logicalDatatype>LOGDT019</logicalDatatype>
<domain>44B7C0CF-8698-E2B1-7302-11A37DD042BE</domain>
<ownDataTypeParameters>,,</ownDataTypeParameters>
<autoIncrementColumn>true</autoIncrementColumn>
<identityColumn>true</identityColumn>
<autoIncrementGenerateAlways>true</autoIncrementGenerateAlways>
<autoIncrementCycle>false</autoIncrementCycle>
<autoIncrementOrder>false</autoIncrementOrder>
</Column>
<Column name="nombre" id="83CC1A3B-128B-CD86-1F3B-330B858EBC68">
<sourceDDLFile>oracle_ddl.sql</sourceDDLFile>
<createdBy>Rodo</createdBy>
<createdTime>2025-09-16 01:19:22 UTC</createdTime>
<ownerDesignName>Exp2_S5_Rodolfo_Cisterna</ownerDesignName>
<importedID>B01710D8-8869-AD51-5CD9-82E352794D84</importedID>
<use>0</use>
<logicalDatatype>LOGDT024</logicalDatatype>
<domain>2BC6F92C-9B33-F82B-1481-8EE71CD2C037</domain>
<ownDataTypeParameters>,,</ownDataTypeParameters>
<autoIncrementCycle>false</autoIncrementCycle>
</Column>
</columns>
<indexes itemClass="oracle.dbtools.crest.model.design.relational.Index">
<ind_PK_UK id="AAFC9BB4-B53B-DB48-02BD-D7BA49CF7EDC" name="especialidad_PK">
<sourceDDLFile>oracle_ddl.sql</sourceDDLFile>
<createdBy>Rodo</createdBy>
<createdTime>2025-09-16 01:19:22 UTC</createdTime>
<ownerDesignName>Exp2_S5_Rodolfo_Cisterna</ownerDesignName>
<importedID>D6D24137-81F6-0F29-D38E-D0A74CF9413F</importedID>
<pk>true</pk>
<indexState>Primary Constraint</indexState>
<isSurrogateKey>false</isSurrogateKey>
<indexColumnUsage>
<colUsage columnID="9D71AFC9-AEFA-5C76-8119-BB2B3609DB56"/>
</indexColumnUsage>
</ind_PK_UK>
<ind_PK_UK id="B5A21AC5-1587-86B6-F300-7EB874965EA5" name="uq_especialidad_nombre">
<sourceDDLFile>oracle_ddl.sql</sourceDDLFile>
<createdBy>Rodo</createdBy>
<createdTime>2025-09-16 01:19:22 UTC</createdTime>
<ownerDesignName>Exp2_S5_Rodolfo_Cisterna</ownerDesignName>
<importedID>DB486515-9187-F95D-5942-0BE09DCC86B0</importedID>
<indexState>Unique Constraint</indexState>
<isSurrogateKey>false</isSurrogateKey>
<indexColumnUsage>
<colUsage columnID="83CC1A3B-128B-CD86-1F3B-330B858EBC68"/>
</indexColumnUsage>
</ind_PK_UK>
</indexes>
</Table>