<?xml version = '1.0' encoding = 'UTF-8'?>
<FKIndexAssociation class="oracle.dbtools.crest.model.design.relational.FKIndexAssociation" directorySegmentName="seg_0" id="56F5DA6F-1F56-9C76-DCDE-1B99A5AAF720" containerWithKeyObject="086156D8-F704-9FDC-1459-574FC89CA7CC" localFKIndex="FDCC8AAC-B3F8-B043-85F3-FF1A38089CA0" name="fk_at_med_medico">
<sourceDDLFile>oracle_ddl.sql</sourceDDLFile>
<createdBy>Rodo</createdBy>
<createdTime>2025-09-16 01:19:22 UTC</createdTime>
<ownerDesignName>Exp2_S5_Rodolfo_Cisterna</ownerDesignName>
<importedID>76ED4CCA-54FF-73BC-A933-7CAA98BC39A8</importedID>
<referredTableLongName>MEDICO</referredTableLongName>
<deleteRule>NO ACTION</deleteRule>
<referredTableID>71F767C0-1D55-CEE2-E965-FA5D04B74F3A</referredTableID>
<keyObject>80C780A8-A894-773E-AC63-760B7E2BB3C9</keyObject>
<referredKeyID>80C780A8-A894-773E-AC63-760B7E2BB3C9</referredKeyID>
<mandatory>true</mandatory>
<refColNames>id_medico</refColNames>
<transferable>true</transferable>
<rely>false</rely>
<columnDependencyConstraintGenerateInDDL>true</columnDependencyConstraintGenerateInDDL>
</FKIndexAssociation>