<?xml version = '1.0' encoding = 'UTF-8'?>
<TableProxyOraclev20c class="oracle.dbtools.crest.model.design.storage.oracle.v20c.TableProxyOraclev20c" name="CITA" directorySegmentName="seg_0" id="47CDFEAC-EA76-1DDF-F4C1-ABF39B8647BD">
<createdBy>Rodo</createdBy>
<createdTime>2025-09-16 01:19:21 UTC</createdTime>
<ownerDesignName>Exp2_S5_Rodolfo_Cisterna</ownerDesignName>
<logging>YES</logging>
<partitionedRowMovement>DISABLE</partitionedRowMovement>
<temporaryChanged>false</temporaryChanged>
<accessDriverType>oracle_loader</accessDriverType>
<rejectLimit></rejectLimit>
<columnProxies itemClass="oracle.dbtools.crest.model.design.storage.oracle.v12c.ColumnProxyOraclev12c">
<ColumnProxy name="tipo_atencion" id="1A103ACE-7F5D-5E17-0A13-709ED5A7DE3A">
<createdBy>Rodo</createdBy>
<createdTime>2025-09-16 01:19:22 UTC</createdTime>
<ownerDesignName>Exp2_S5_Rodolfo_Cisterna</ownerDesignName>
</ColumnProxy>
<ColumnProxy name="id_especialidad" id="305797F2-3DC0-710C-CA89-D1769CB47B2B">
<createdBy>Rodo</createdBy>
<createdTime>2025-09-16 01:19:22 UTC</createdTime>
<ownerDesignName>Exp2_S5_Rodolfo_Cisterna</ownerDesignName>
</ColumnProxy>
<ColumnProxy name="id_cita" id="4FC88984-06AA-E9CF-46F0-33F44BF83ECF">
<createdBy>Rodo</createdBy>
<createdTime>2025-09-16 01:19:22 UTC</createdTime>
<ownerDesignName>Exp2_S5_Rodolfo_Cisterna</ownerDesignName>
<autoIncrementDDL>IDENTITY_CLAUSE</autoIncrementDDL>
</ColumnProxy>
<ColumnProxy name="id_paciente" id="60E420AD-65D3-188F-F3FD-BC090C2670EC">
<createdBy>Rodo</createdBy>
<createdTime>2025-09-16 01:19:22 UTC</createdTime>
<ownerDesignName>Exp2_S5_Rodolfo_Cisterna</ownerDesignName>
</ColumnProxy>
<ColumnProxy name="fecha_cita" id="62A9C1C9-E664-5DA7-F540-611F3BF41ED0">
<createdBy>Rodo</createdBy>
<createdTime>2025-09-16 01:19:22 UTC</createdTime>
<ownerDesignName>Exp2_S5_Rodolfo_Cisterna</ownerDesignName>
</ColumnProxy>
<ColumnProxy name="estado" id="93739D8E-73A3-D44D-CD7F-3E2CA732BDDD">
<createdBy>Rodo</createdBy>
<createdTime>2025-09-16 01:19:22 UTC</createdTime>
<ownerDesignName>Exp2_S5_Rodolfo_Cisterna</ownerDesignName>
</ColumnProxy>
<ColumnProxy name="id_medico" id="D4A6F411-ABCE-DB7F-413F-A058B898BCC5">
<createdBy>Rodo</createdBy>
<createdTime>2025-09-16 01:19:22 UTC</createdTime>
<ownerDesignName>Exp2_S5_Rodolfo_Cisterna</ownerDesignName>
</ColumnProxy>
</columnProxies>
<indexProxies>
<IndexProxy class="oracle.dbtools.crest.model.design.storage.oracle.v10g.IndexProxyOraclev10g" name="ix_cita_paciente" id="BA3F9026-AE9E-78C2-D6DD-04C2BA0313C6">
<createdBy>Rodo</createdBy>
<createdTime>2025-09-16 01:19:22 UTC</createdTime>
<ownerDesignName>Exp2_S5_Rodolfo_Cisterna</ownerDesignName>
<logging></logging>
</IndexProxy>
<IndexProxy class="oracle.dbtools.crest.model.design.storage.oracle.v10g.IndexProxyOraclev10g" name="ix_cita_especialidad" id="EE59A17B-7362-C3F7-0B52-8AA47AA3CEC6">
<createdBy>Rodo</createdBy>
<createdTime>2025-09-16 01:19:22 UTC</createdTime>
<ownerDesignName>Exp2_S5_Rodolfo_Cisterna</ownerDesignName>
<logging></logging>
</IndexProxy>
<IndexProxy class="oracle.dbtools.crest.model.design.storage.oracle.v10g.IndexProxyOraclev10g" name="ix_cita_medico" id="FB03BFD2-589A-D514-4AC6-1D067632A1FD">
<createdBy>Rodo</createdBy>
<createdTime>2025-09-16 01:19:22 UTC</createdTime>
<ownerDesignName>Exp2_S5_Rodolfo_Cisterna</ownerDesignName>
<logging></logging>
</IndexProxy>
</indexProxies>
<foreignKeys>
<ForeignKey class="oracle.dbtools.crest.model.design.storage.oracle.v10g.FKProxyOraclev10g" name="fk_cita_medico" id="095A5101-CA9B-4A33-7FE1-E490126FADD6">
<createdBy>Rodo</createdBy>
<createdTime>2025-09-16 01:19:22 UTC</createdTime>
<ownerDesignName>Exp2_S5_Rodolfo_Cisterna</ownerDesignName>
</ForeignKey>
<ForeignKey class="oracle.dbtools.crest.model.design.storage.oracle.v10g.FKProxyOraclev10g" name="fk_cita_especialidad" id="0EA1870B-C69C-640E-7CF7-574416FDB8CD">
<createdBy>Rodo</createdBy>
<createdTime>2025-09-16 01:19:22 UTC</createdTime>
<ownerDesignName>Exp2_S5_Rodolfo_Cisterna</ownerDesignName>
</ForeignKey>
<ForeignKey class="oracle.dbtools.crest.model.design.storage.oracle.v10g.FKProxyOraclev10g" name="fk_cita_paciente" id="2CC861EF-3CE4-8B83-A417-B3104553DD3C">
<createdBy>Rodo</createdBy>
<createdTime>2025-09-16 01:19:22 UTC</createdTime>
<ownerDesignName>Exp2_S5_Rodolfo_Cisterna</ownerDesignName>
</ForeignKey>
</foreignKeys>
<primaryKeys>
<PrimaryKey class="oracle.dbtools.crest.model.design.storage.oracle.v10g.PKProxyOraclev10g" name="cita_PK" id="D347DBC6-BA61-1314-F943-E540CDEB85AF">
<createdBy>Rodo</createdBy>
<createdTime>2025-09-16 01:19:22 UTC</createdTime>
<ownerDesignName>Exp2_S5_Rodolfo_Cisterna</ownerDesignName>
<indexSort>SORTED</indexSort>
</PrimaryKey>
</primaryKeys>
<tableCheckConstraints itemClass="oracle.dbtools.crest.model.design.storage.oracle.TableCheckConstraintOracle">
<TableCheckConstraint name="ck_cita_estado" id="C971BD08-5E4A-71CF-B160-BCB102944F4D">
<createdBy>Rodo</createdBy>
<createdTime>2025-09-16 01:19:22 UTC</createdTime>
<ownerDesignName>Exp2_S5_Rodolfo_Cisterna</ownerDesignName>
<nameChanged>true</nameChanged>
</TableCheckConstraint>
<TableCheckConstraint name="ck_cita_tipo" id="D08BD29D-5B01-EA3F-C1A4-4AFBB083AAD2">
<createdBy>Rodo</createdBy>
<createdTime>2025-09-16 01:19:22 UTC</createdTime>
<ownerDesignName>Exp2_S5_Rodolfo_Cisterna</ownerDesignName>
<nameChanged>true</nameChanged>
</TableCheckConstraint>
</tableCheckConstraints>
</TableProxyOraclev20c>