<?xml version = '1.0' encoding = 'UTF-8'?>
<Relation class="oracle.dbtools.crest.model.design.logical.Relation" name="fk_medico_supervisor" directorySegmentName="seg_0" id="0AFA2D6D-9AA7-3303-BA73-4BB609564AFA">
<createdBy>Rodo</createdBy>
<createdTime>2025-09-16 01:25:22 UTC</createdTime>
<generatorID>661C62E6-237A-6C39-5E56-6CFAF8A00585</generatorID>
<ownerDesignName>Exp2_S5_Rodolfo_Cisterna</ownerDesignName>
<engineerTo>
<item key="F19B4A6A-0A71-24FD-CF64-D9B946BF9E5F" value="true"/>
</engineerTo>
<targetPk>08BD0772-9589-1C81-4529-9A47BFC960A8</targetPk>
<identifying>false</identifying>
<optionalSource>true</optionalSource>
<optionalTarget>true</optionalTarget>
<sourceCardinality>1</sourceCardinality>
<sourceEntity>2DC1B10F-BCA0-A078-946C-559D80F74951</sourceEntity>
<targetCardinalityString>*</targetCardinalityString>
<targetEntity>2DC1B10F-BCA0-A078-946C-559D80F74951</targetEntity>
<transferable>true</transferable>
<deleteRule>NO ACTION</deleteRule>
</Relation>