<?xml version = '1.0' encoding = 'UTF-8'?>
<Relation class="oracle.dbtools.crest.model.design.logical.Relation" name="fk_ax_examen" directorySegmentName="seg_0" id="1054E425-190E-8744-AE34-8F7B5EB33B7F">
<createdBy>Rodo</createdBy>
<createdTime>2025-09-16 01:25:22 UTC</createdTime>
<generatorID>1C456EA2-89A1-F3E7-F36E-5EBB2E52DBC2</generatorID>
<ownerDesignName>Exp2_S5_Rodolfo_Cisterna</ownerDesignName>
<engineerTo>
<item key="F19B4A6A-0A71-24FD-CF64-D9B946BF9E5F" value="true"/>
</engineerTo>
<sourcePk>9607AF81-7C44-9A6E-C859-594C6ED8531F</sourcePk>
<identifying>true</identifying>
<optionalSource>true</optionalSource>
<optionalTarget>false</optionalTarget>
<sourceCardinality>1</sourceCardinality>
<sourceEntity>BA6B5F62-A6A9-4668-5F69-CE5BAC49B390</sourceEntity>
<targetCardinalityString>*</targetCardinalityString>
<targetEntity>C4A557AD-78B9-2B91-7E5E-8B3A923E29A5</targetEntity>
<transferable>true</transferable>
<deleteRule>NO ACTION</deleteRule>
</Relation>