<?xml version = '1.0' encoding = 'UTF-8'?>
<Relation class="oracle.dbtools.crest.model.design.logical.Relation" name="fk_ax_atencion" directorySegmentName="seg_0" id="333B436D-49EF-A68B-9C4C-58AA63EC04F9">
<createdBy>Rodo</createdBy>
<createdTime>2025-09-16 01:25:22 UTC</createdTime>
<generatorID>37E4A705-BCB4-183D-1C77-8213748AF522</generatorID>
<ownerDesignName>Exp2_S5_Rodolfo_Cisterna</ownerDesignName>
<engineerTo>
<item key="F19B4A6A-0A71-24FD-CF64-D9B946BF9E5F" value="true"/>
</engineerTo>
<sourcePk>642391A7-7676-DC18-8985-7CBEDDDD8BD1</sourcePk>
<identifying>true</identifying>
<optionalSource>false</optionalSource>
<optionalTarget>false</optionalTarget>
<sourceCardinality>1</sourceCardinality>
<sourceEntity>914A44DF-E13A-02AF-A9BD-8B148C74816C</sourceEntity>
<targetCardinalityString>*</targetCardinalityString>
<targetEntity>C4A557AD-78B9-2B91-7E5E-8B3A923E29A5</targetEntity>
<transferable>true</transferable>
<deleteRule>CASCADE</deleteRule>
</Relation>