<?xml version = '1.0' encoding = 'UTF-8'?>
<Relation class="oracle.dbtools.crest.model.design.logical.Relation" name="fk_medico_institucion" directorySegmentName="seg_0" id="3F1FFFDA-C3F2-99EF-9C01-297B684B7A63">
<createdBy>Rodo</createdBy>
<createdTime>2025-09-16 01:25:22 UTC</createdTime>
<generatorID>98417B96-6B29-08DD-C9EA-73110D8F0280</generatorID>
<ownerDesignName>Exp2_S5_Rodolfo_Cisterna</ownerDesignName>
<engineerTo>
<item key="F19B4A6A-0A71-24FD-CF64-D9B946BF9E5F" value="true"/>
</engineerTo>
<sourcePk>F9EE3B1B-C17C-656A-0DBB-C634AA51162C</sourcePk>
<identifying>false</identifying>
<optionalSource>true</optionalSource>
<optionalTarget>true</optionalTarget>
<sourceCardinality>1</sourceCardinality>
<sourceEntity>3D3BCBFA-407D-18C2-7A9C-BF9A02AF785B</sourceEntity>
<targetCardinalityString>*</targetCardinalityString>
<targetEntity>2DC1B10F-BCA0-A078-946C-559D80F74951</targetEntity>
<transferable>true</transferable>
<deleteRule>NO ACTION</deleteRule>
</Relation>