<?xml version = '1.0' encoding = 'UTF-8'?>
<Relation class="oracle.dbtools.crest.model.design.logical.Relation" name="fk_comuna_region" directorySegmentName="seg_0" id="4647565F-CEC9-72C7-6F2E-422D879F0817">
<createdBy>Rodo</createdBy>
<createdTime>2025-09-16 01:25:22 UTC</createdTime>
<generatorID>2B0B16C4-02D2-7D1D-04F6-A3F0F7AAEB79</generatorID>
<ownerDesignName>Exp2_S5_Rodolfo_Cisterna</ownerDesignName>
<engineerTo>
<item key="F19B4A6A-0A71-24FD-CF64-D9B946BF9E5F" value="true"/>
</engineerTo>
<sourcePk>6F298EE4-5F27-ED9F-6B25-84B42D43A48E</sourcePk>
<identifying>false</identifying>
<optionalSource>true</optionalSource>
<optionalTarget>false</optionalTarget>
<sourceCardinality>1</sourceCardinality>
<sourceEntity>EA746424-CC8B-35EA-DFDA-B84DB4A5FE10</sourceEntity>
<targetCardinalityString>*</targetCardinalityString>
<targetEntity>E240FBFA-5B89-5F10-C830-C15A73A03AF9</targetEntity>
<transferable>true</transferable>
<deleteRule>NO ACTION</deleteRule>
</Relation>