<?xml version = '1.0' encoding = 'UTF-8'?>
<Relation class="oracle.dbtools.crest.model.design.logical.Relation" name="fk_ax_med_sol" directorySegmentName="seg_0" id="49717601-7BC3-FC6B-5A4B-84FD5081CDB3">
<createdBy>Rodo</createdBy>
<createdTime>2025-09-16 01:25:22 UTC</createdTime>
<generatorID>253F46A7-36B8-D626-870D-81E8DD87B2D8</generatorID>
<ownerDesignName>Exp2_S5_Rodolfo_Cisterna</ownerDesignName>
<engineerTo>
<item key="F19B4A6A-0A71-24FD-CF64-D9B946BF9E5F" value="true"/>
</engineerTo>
<sourcePk>08BD0772-9589-1C81-4529-9A47BFC960A8</sourcePk>
<identifying>false</identifying>
<optionalSource>true</optionalSource>
<optionalTarget>true</optionalTarget>
<sourceCardinality>1</sourceCardinality>
<sourceEntity>2DC1B10F-BCA0-A078-946C-559D80F74951</sourceEntity>
<targetCardinalityString>*</targetCardinalityString>
<targetEntity>C4A557AD-78B9-2B91-7E5E-8B3A923E29A5</targetEntity>
<transferable>true</transferable>
<deleteRule>NO ACTION</deleteRule>
</Relation>