<?xml version = '1.0' encoding = 'UTF-8'?>
<Relation class="oracle.dbtools.crest.model.design.logical.Relation" name="fk_cita_paciente" directorySegmentName="seg_0" id="63352897-4C21-4050-FA7C-26FC34406974">
<createdBy>Rodo</createdBy>
<createdTime>2025-09-16 01:25:22 UTC</createdTime>
<generatorID>94350D8C-EFE2-84A9-2C38-D14EDF6D56B4</generatorID>
<ownerDesignName>Exp2_S5_Rodolfo_Cisterna</ownerDesignName>
<engineerTo>
<item key="F19B4A6A-0A71-24FD-CF64-D9B946BF9E5F" value="true"/>
</engineerTo>
<sourcePk>89058E67-437D-20E2-284A-A50B87CDBB6A</sourcePk>
<identifying>false</identifying>
<optionalSource>true</optionalSource>
<optionalTarget>false</optionalTarget>
<sourceCardinality>1</sourceCardinality>
<sourceEntity>96A09FF8-3F3F-51CC-5AE4-0E1D19796CC3</sourceEntity>
<targetCardinalityString>*</targetCardinalityString>
<targetEntity>7CC6935E-C0AA-0277-45D1-E18579A0750A</targetEntity>
<transferable>true</transferable>
<deleteRule>NO ACTION</deleteRule>
</Relation>