<?xml version = '1.0' encoding = 'UTF-8'?>
<Relation class="oracle.dbtools.crest.model.design.logical.Relation" name="fk_pago_atencion" directorySegmentName="seg_0" id="78E00138-1157-C487-52FC-A01D16EDCBF1">
<createdBy>Rodo</createdBy>
<createdTime>2025-09-16 01:25:22 UTC</createdTime>
<generatorID>1B9C1167-CDD4-6720-319F-7FCC5EB3976C</generatorID>
<ownerDesignName>Exp2_S5_Rodolfo_Cisterna</ownerDesignName>
<engineerTo>
<item key="F19B4A6A-0A71-24FD-CF64-D9B946BF9E5F" value="true"/>
</engineerTo>
<sourcePk>642391A7-7676-DC18-8985-7CBEDDDD8BD1</sourcePk>
<identifying>false</identifying>
<optionalSource>false</optionalSource>
<optionalTarget>false</optionalTarget>
<sourceCardinality>1</sourceCardinality>
<sourceEntity>914A44DF-E13A-02AF-A9BD-8B148C74816C</sourceEntity>
<targetCardinalityString>*</targetCardinalityString>
<targetEntity>FF8ECA80-4EAF-A2FA-5EBC-0754FA07B94F</targetEntity>
<transferable>true</transferable>
<deleteRule>CASCADE</deleteRule>
</Relation>