<?xml version = '1.0' encoding = 'UTF-8'?>
<Relation class="oracle.dbtools.crest.model.design.logical.Relation" name="fk_medico_especialidad" directorySegmentName="seg_0" id="8608C979-E1F0-0FB2-D6CA-98718AFAA043">
<createdBy>Rodo</createdBy>
<createdTime>2025-09-16 01:25:22 UTC</createdTime>
<generatorID>62F259E8-CA2B-E262-82A6-F7ED2E603DAB</generatorID>
<ownerDesignName>Exp2_S5_Rodolfo_Cisterna</ownerDesignName>
<engineerTo>
<item key="F19B4A6A-0A71-24FD-CF64-D9B946BF9E5F" value="true"/>
</engineerTo>
<sourcePk>76FC74BE-AD72-E9CE-00F9-F93F2D3C6AF4</sourcePk>
<identifying>false</identifying>
<optionalSource>true</optionalSource>
<optionalTarget>false</optionalTarget>
<sourceCardinality>1</sourceCardinality>
<sourceEntity>604D90FD-7CA0-C04D-BF84-D430CA2D8F54</sourceEntity>
<targetCardinalityString>*</targetCardinalityString>
<targetEntity>2DC1B10F-BCA0-A078-946C-559D80F74951</targetEntity>
<transferable>true</transferable>
<deleteRule>NO ACTION</deleteRule>
</Relation>