<?xml version = '1.0' encoding = 'UTF-8'?>
<Relation class="oracle.dbtools.crest.model.design.logical.Relation" name="fk_paciente_comuna" directorySegmentName="seg_0" id="883491B8-3F16-2959-FFFE-FC3750D14F71">
<createdBy>Rodo</createdBy>
<createdTime>2025-09-16 01:25:22 UTC</createdTime>
<generatorID>1931C1BF-84D1-22E5-DAA3-881DA4494524</generatorID>
<ownerDesignName>Exp2_S5_Rodolfo_Cisterna</ownerDesignName>
<engineerTo>
<item key="F19B4A6A-0A71-24FD-CF64-D9B946BF9E5F" value="true"/>
</engineerTo>
<sourcePk>66F44735-0503-5A33-F097-9177EE970094</sourcePk>
<identifying>false</identifying>
<optionalSource>true</optionalSource>
<optionalTarget>false</optionalTarget>
<sourceCardinality>1</sourceCardinality>
<sourceEntity>E240FBFA-5B89-5F10-C830-C15A73A03AF9</sourceEntity>
<targetCardinalityString>*</targetCardinalityString>
<targetEntity>96A09FF8-3F3F-51CC-5AE4-0E1D19796CC3</targetEntity>
<transferable>true</transferable>
<deleteRule>NO ACTION</deleteRule>
</Relation>