<?xml version = '1.0' encoding = 'UTF-8'?>
<Relation class="oracle.dbtools.crest.model.design.logical.Relation" name="fk_medico_afp" directorySegmentName="seg_0" id="96775080-7174-9B6B-8AF2-D3B6E88EF63B">
<createdBy>Rodo</createdBy>
<createdTime>2025-09-16 01:25:22 UTC</createdTime>
<generatorID>BD74B5CB-F328-1451-AA2C-651D9B20A50F</generatorID>
<ownerDesignName>Exp2_S5_Rodolfo_Cisterna</ownerDesignName>
<engineerTo>
<item key="F19B4A6A-0A71-24FD-CF64-D9B946BF9E5F" value="true"/>
</engineerTo>
<sourcePk>1F599DA5-1FCB-02F3-FF2C-0E966EB3D1FD</sourcePk>
<identifying>false</identifying>
<optionalSource>true</optionalSource>
<optionalTarget>true</optionalTarget>
<sourceCardinality>1</sourceCardinality>
<sourceEntity>4A27FD60-2FA9-CB88-7900-2839CAB1B87D</sourceEntity>
<targetCardinalityString>*</targetCardinalityString>
<targetEntity>2DC1B10F-BCA0-A078-946C-559D80F74951</targetEntity>
<transferable>true</transferable>
<deleteRule>NO ACTION</deleteRule>
</Relation>