<?xml version = '1.0' encoding = 'UTF-8'?>
<Relation class="oracle.dbtools.crest.model.design.logical.Relation" name="fk_cita_especialidad" directorySegmentName="seg_0" id="A8355AE6-2E24-4C86-332C-BE46566A74A8">
<createdBy>Rodo</createdBy>
<createdTime>2025-09-16 01:25:22 UTC</createdTime>
<generatorID>B2610D84-572F-D0CC-26B1-6C05F3D83988</generatorID>
<ownerDesignName>Exp2_S5_Rodolfo_Cisterna</ownerDesignName>
<engineerTo>
<item key="F19B4A6A-0A71-24FD-CF64-D9B946BF9E5F" value="true"/>
</engineerTo>
<sourcePk>76FC74BE-AD72-E9CE-00F9-F93F2D3C6AF4</sourcePk>
<identifying>false</identifying>
<optionalSource>true</optionalSource>
<optionalTarget>false</optionalTarget>
<sourceCardinality>1</sourceCardinality>
<sourceEntity>604D90FD-7CA0-C04D-BF84-D430CA2D8F54</sourceEntity>
<targetCardinalityString>*</targetCardinalityString>
<targetEntity>7CC6935E-C0AA-0277-45D1-E18579A0750A</targetEntity>
<transferable>true</transferable>
<deleteRule>NO ACTION</deleteRule>
</Relation>