<?xml version = '1.0' encoding = 'UTF-8'?>
<Relation class="oracle.dbtools.crest.model.design.logical.Relation" name="fk_cita_medico" directorySegmentName="seg_0" id="CCD1361C-F7A5-6575-0909-72A2E78096E9">
<createdBy>Rodo</createdBy>
<createdTime>2025-09-16 01:25:22 UTC</createdTime>
<generatorID>0FE0A474-A030-3CD8-7B7F-34575E4B4B22</generatorID>
<ownerDesignName>Exp2_S5_Rodolfo_Cisterna</ownerDesignName>
<engineerTo>
<item key="F19B4A6A-0A71-24FD-CF64-D9B946BF9E5F" value="true"/>
</engineerTo>
<sourcePk>08BD0772-9589-1C81-4529-9A47BFC960A8</sourcePk>
<identifying>false</identifying>
<optionalSource>true</optionalSource>
<optionalTarget>true</optionalTarget>
<sourceCardinality>1</sourceCardinality>
<sourceEntity>2DC1B10F-BCA0-A078-946C-559D80F74951</sourceEntity>
<targetCardinalityString>*</targetCardinalityString>
<targetEntity>7CC6935E-C0AA-0277-45D1-E18579A0750A</targetEntity>
<transferable>true</transferable>
<deleteRule>NO ACTION</deleteRule>
</Relation>