<?xml version = '1.0' encoding = 'UTF-8'?>
<Relation class="oracle.dbtools.crest.model.design.logical.Relation" name="fk_at_med_paciente" directorySegmentName="seg_0" id="D2511A93-B7E4-23CD-FED4-480E5AA70799">
<createdBy>Rodo</createdBy>
<createdTime>2025-09-16 01:25:22 UTC</createdTime>
<generatorID>86B1646D-ACC1-47A9-D8DF-BC2181A9C6C8</generatorID>
<ownerDesignName>Exp2_S5_Rodolfo_Cisterna</ownerDesignName>
<engineerTo>
<item key="F19B4A6A-0A71-24FD-CF64-D9B946BF9E5F" value="true"/>
</engineerTo>
<sourcePk>89058E67-437D-20E2-284A-A50B87CDBB6A</sourcePk>
<identifying>false</identifying>
<optionalSource>true</optionalSource>
<optionalTarget>false</optionalTarget>
<sourceCardinality>1</sourceCardinality>
<sourceEntity>96A09FF8-3F3F-51CC-5AE4-0E1D19796CC3</sourceEntity>
<targetCardinalityString>*</targetCardinalityString>
<targetEntity>914A44DF-E13A-02AF-A9BD-8B148C74816C</targetEntity>
<transferable>true</transferable>
<deleteRule>NO ACTION</deleteRule>
</Relation>