<?xml version = '1.0' encoding = 'UTF-8'?>
<Relation class="oracle.dbtools.crest.model.design.logical.Relation" name="fk_at_med_medico" directorySegmentName="seg_0" id="F8DCECE8-0269-8419-2AD3-F977E204527D">
<createdBy>Rodo</createdBy>
<createdTime>2025-09-16 01:25:22 UTC</createdTime>
<generatorID>56F5DA6F-1F56-9C76-DCDE-1B99A5AAF720</generatorID>
<ownerDesignName>Exp2_S5_Rodolfo_Cisterna</ownerDesignName>
<engineerTo>
<item key="F19B4A6A-0A71-24FD-CF64-D9B946BF9E5F" value="true"/>
</engineerTo>
<sourcePk>08BD0772-9589-1C81-4529-9A47BFC960A8</sourcePk>
<identifying>false</identifying>
<optionalSource>true</optionalSource>
<optionalTarget>false</optionalTarget>
<sourceCardinality>1</sourceCardinality>
<sourceEntity>2DC1B10F-BCA0-A078-946C-559D80F74951</sourceEntity>
<targetCardinalityString>*</targetCardinalityString>
<targetEntity>914A44DF-E13A-02AF-A9BD-8B148C74816C</targetEntity>
<transferable>true</transferable>
<deleteRule>NO ACTION</deleteRule>
</Relation>