<?xml version = '1.0' encoding = 'UTF-8'?>
<Relation class="oracle.dbtools.crest.model.design.logical.Relation" name="fk_at_med_cita" directorySegmentName="seg_0" id="F907F03F-7E8C-3BF2-5CB5-791BCCB719CD">
<createdBy>Rodo</createdBy>
<createdTime>2025-09-16 01:25:22 UTC</createdTime>
<generatorID>0E076C51-70A2-7A34-FF41-35E4D0452A94</generatorID>
<ownerDesignName>Exp2_S5_Rodolfo_Cisterna</ownerDesignName>
<engineerTo>
<item key="F19B4A6A-0A71-24FD-CF64-D9B946BF9E5F" value="true"/>
</engineerTo>
<sourcePk>994A26C1-A4BD-4C96-707E-CE7BA6C22C6B</sourcePk>
<dominantRole>7CC6935E-C0AA-0277-45D1-E18579A0750A</dominantRole>
<identifying>false</identifying>
<optionalSource>true</optionalSource>
<optionalTarget>true</optionalTarget>
<sourceCardinality>1</sourceCardinality>
<sourceEntity>7CC6935E-C0AA-0277-45D1-E18579A0750A</sourceEntity>
<targetCardinalityString>1</targetCardinalityString>
<targetEntity>914A44DF-E13A-02AF-A9BD-8B148C74816C</targetEntity>
<transferable>true</transferable>
<deleteRule>NO ACTION</deleteRule>
</Relation>