<?xml version = '1.0' encoding = 'UTF-8'?>
<Diagram class="oracle.dbtools.crest.swingui.relational.DPVRelational" name="Relational" id="8B2EA644-5B4B-8457-AF03-56CC9830D981">
<createdBy>Rodo</createdBy>
<modifiedBy>Rodo</modifiedBy>
<createdTime>2025-09-16 01:19:21 UTC</createdTime>
<autoRoute>false</autoRoute>
<boxInbox>true</boxInbox>
<showLegend>false</showLegend>
<showLabels>false</showLabels>
<showRelAttributes>false</showRelAttributes>
<gridEnabled>false</gridEnabled>
<showGrid>false</showGrid>
<diagramColor>-1</diagramColor>
<display>false</display>
<notation>1</notation>
<objectViews>
<OView class="oracle.dbtools.crest.swingui.relational.TVTable" oid="07FF4EFB-C9FE-140F-FBD8-C196E5EC34F7" otype="Table" vid="37E159AA-FEF8-C4B7-46D0-C512C425C7DD">
<hideElementsInCurrentOnly>false</hideElementsInCurrentOnly>
<bounds x="862" y="592" width="196" height="198"/>
</OView>
<OView class="oracle.dbtools.crest.swingui.relational.TVTable" oid="086156D8-F704-9FDC-1459-574FC89CA7CC" otype="Table" vid="31E24686-294B-A7D2-6C4D-6FB16E85B4D8">
<hideElementsInCurrentOnly>false</hideElementsInCurrentOnly>
<bounds x="861" y="278" width="213" height="254"/>
</OView>
<OView class="oracle.dbtools.crest.swingui.relational.TVTable" oid="0BAF7C18-28D2-1C75-69AA-4E6EA42FBD89" otype="Table" vid="2EA4BD22-B052-247F-291F-9404CEFF0FD0">
<hideElementsInCurrentOnly>false</hideElementsInCurrentOnly>
<bounds x="862" y="1052" width="180" height="88"/>
</OView>
<OView class="oracle.dbtools.crest.swingui.relational.TVTable" oid="1ED45C87-4E7B-9089-AB21-EEA99FEAC7BB" otype="Table" vid="927B49D7-84EA-9E93-7542-FE0A832B6841">
<hideElementsInCurrentOnly>false</hideElementsInCurrentOnly>
<bounds x="862" y="850" width="188" height="142"/>
</OView>
<OView class="oracle.dbtools.crest.swingui.relational.TVTable" oid="47CDFEAC-EA76-1DDF-F4C1-ABF39B8647BD" otype="Table" vid="E3843772-301A-3F66-7875-77BCA003BDFF">
<hideElementsInCurrentOnly>false</hideElementsInCurrentOnly>
<bounds x="20" y="620" width="210" height="240"/>
</OView>
<OView class="oracle.dbtools.crest.swingui.relational.TVTable" oid="71F767C0-1D55-CEE2-E965-FA5D04B74F3A" otype="Table" vid="F51AD86B-C3F5-6B41-1A4B-0C488B887501">
<hideElementsInCurrentOnly>false</hideElementsInCurrentOnly>
<bounds x="310" y="278" width="226" height="282"/>
</OView>
<OView class="oracle.dbtools.crest.swingui.relational.TVTable" oid="AA3D9A3E-4207-20E8-9215-2696001B236E" otype="Table" vid="9B27C0D4-5552-B4ED-EE07-6E817E264CD7">
<hideElementsInCurrentOnly>false</hideElementsInCurrentOnly>
<bounds x="717" y="20" width="203" height="116"/>
</OView>
<OView class="oracle.dbtools.crest.swingui.relational.TVTable" oid="AD914C13-7454-575A-E36F-891B0C0AD0AF" otype="Table" vid="909BD7E8-7DE4-6041-06E8-47CCE82B2B2C">
<hideElementsInCurrentOnly>false</hideElementsInCurrentOnly>
<bounds x="21" y="920" width="209" height="88"/>
</OView>
<OView class="oracle.dbtools.crest.swingui.relational.TVTable" oid="B8133EB3-AF2D-B0D1-87F6-E401EA839745" otype="Table" vid="402FC573-EEF2-3563-39A7-54FF4CB4BC20">
<hideElementsInCurrentOnly>false</hideElementsInCurrentOnly>
<bounds x="590" y="592" width="191" height="184"/>
</OView>
<OView class="oracle.dbtools.crest.swingui.relational.TVTable" oid="C560E253-C241-D6AB-7FF7-CADF8E04BB26" otype="Table" vid="F8E2F19A-432F-DE54-1EDE-17384E367DC1">
<hideElementsInCurrentOnly>false</hideElementsInCurrentOnly>
<bounds x="310" y="20" width="327" height="198"/>
</OView>
<OView class="oracle.dbtools.crest.swingui.relational.TVTable" oid="D00C6028-7AAA-1C52-FCA3-C0D393E3F03E" otype="Table" vid="85967EB7-4FF5-657E-AF53-E49B02D99C1B">
<hideElementsInCurrentOnly>false</hideElementsInCurrentOnly>
<bounds x="616" y="278" width="165" height="116"/>
</OView>
<OView class="oracle.dbtools.crest.swingui.relational.TVTable" oid="E598C303-CA61-8C43-3F0D-065B01D3C241" otype="Table" vid="A95A63A6-D795-0086-08F0-65B2C5555419">
<hideElementsInCurrentOnly>false</hideElementsInCurrentOnly>
<bounds x="311" y="620" width="203" height="116"/>
</OView>
</objectViews>
<connectors>
<Connector class="oracle.dbtools.crest.swingui.relational.TVFKRelation" oid="0E076C51-70A2-7A34-FF41-35E4D0452A94" otype="FKIndexAssociation" vid_source="E3843772-301A-3F66-7875-77BCA003BDFF" vid_target="31E24686-294B-A7D2-6C4D-6FB16E85B4D8">
<hideElementsInCurrentOnly>false</hideElementsInCurrentOnly>
<backgroundColor>-16777216</backgroundColor>
<lineWidth>1</lineWidth>
<points>
<point x="230" y="698"/>
<point x="861" y="447"/>
</points>
</Connector>
<Connector class="oracle.dbtools.crest.swingui.relational.TVFKRelation" oid="0FE0A474-A030-3CD8-7B7F-34575E4B4B22" otype="FKIndexAssociation" vid_source="F51AD86B-C3F5-6B41-1A4B-0C488B887501" vid_target="E3843772-301A-3F66-7875-77BCA003BDFF">
<hideElementsInCurrentOnly>false</hideElementsInCurrentOnly>
<backgroundColor>-16777216</backgroundColor>
<lineWidth>1</lineWidth>
<points>
<point x="310" y="540"/>
<point x="230" y="626"/>
</points>
</Connector>
<Connector class="oracle.dbtools.crest.swingui.relational.TVFKRelation" oid="1931C1BF-84D1-22E5-DAA3-881DA4494524" otype="FKIndexAssociation" vid_source="927B49D7-84EA-9E93-7542-FE0A832B6841" vid_target="37E159AA-FEF8-C4B7-46D0-C512C425C7DD">
<hideElementsInCurrentOnly>false</hideElementsInCurrentOnly>
<backgroundColor>-16777216</backgroundColor>
<lineWidth>1</lineWidth>
<points>
<point x="956" y="850"/>
<point x="956" y="790"/>
</points>
</Connector>
<Connector class="oracle.dbtools.crest.swingui.relational.TVFKRelation" oid="1B9C1167-CDD4-6720-319F-7FCC5EB3976C" otype="FKIndexAssociation" vid_source="31E24686-294B-A7D2-6C4D-6FB16E85B4D8" vid_target="402FC573-EEF2-3563-39A7-54FF4CB4BC20">
<hideElementsInCurrentOnly>false</hideElementsInCurrentOnly>
<backgroundColor>-16777216</backgroundColor>
<lineWidth>1</lineWidth>
<points>
<point x="861" y="510"/>
<point x="778" y="592"/>
</points>
</Connector>
<Connector class="oracle.dbtools.crest.swingui.relational.TVFKRelation" oid="1C456EA2-89A1-F3E7-F36E-5EBB2E52DBC2" otype="FKIndexAssociation" vid_source="9B27C0D4-5552-B4ED-EE07-6E817E264CD7" vid_target="F8E2F19A-432F-DE54-1EDE-17384E367DC1">
<hideElementsInCurrentOnly>false</hideElementsInCurrentOnly>
<backgroundColor>-16777216</backgroundColor>
<lineWidth>1</lineWidth>
<points>
<point x="717" y="78"/>
<point x="637" y="78"/>
</points>
</Connector>
<Connector class="oracle.dbtools.crest.swingui.relational.TVFKRelation" oid="253F46A7-36B8-D626-870D-81E8DD87B2D8" otype="FKIndexAssociation" vid_source="F51AD86B-C3F5-6B41-1A4B-0C488B887501" vid_target="F8E2F19A-432F-DE54-1EDE-17384E367DC1">
<hideElementsInCurrentOnly>false</hideElementsInCurrentOnly>
<backgroundColor>-16777216</backgroundColor>
<lineWidth>1</lineWidth>
<points>
<point x="423" y="278"/>
<point x="423" y="218"/>
</points>
</Connector>
<Connector class="oracle.dbtools.crest.swingui.relational.TVFKRelation" oid="2B0B16C4-02D2-7D1D-04F6-A3F0F7AAEB79" otype="FKIndexAssociation" vid_source="2EA4BD22-B052-247F-291F-9404CEFF0FD0" vid_target="927B49D7-84EA-9E93-7542-FE0A832B6841">
<hideElementsInCurrentOnly>false</hideElementsInCurrentOnly>
<backgroundColor>-16777216</backgroundColor>
<lineWidth>1</lineWidth>
<points>
<point x="952" y="1052"/>
<point x="952" y="992"/>
</points>
</Connector>
<Connector class="oracle.dbtools.crest.swingui.relational.TVFKRelation" oid="37E4A705-BCB4-183D-1C77-8213748AF522" otype="FKIndexAssociation" vid_source="31E24686-294B-A7D2-6C4D-6FB16E85B4D8" vid_target="F8E2F19A-432F-DE54-1EDE-17384E367DC1">
<hideElementsInCurrentOnly>false</hideElementsInCurrentOnly>
<backgroundColor>-16777216</backgroundColor>
<lineWidth>1</lineWidth>
<points>
<point x="861" y="343"/>
<point x="637" y="213"/>
</points>
</Connector>
<Connector class="oracle.dbtools.crest.swingui.relational.TVFKRelation" oid="56F5DA6F-1F56-9C76-DCDE-1B99A5AAF720" otype="FKIndexAssociation" vid_source="F51AD86B-C3F5-6B41-1A4B-0C488B887501" vid_target="31E24686-294B-A7D2-6C4D-6FB16E85B4D8">
<hideElementsInCurrentOnly>false</hideElementsInCurrentOnly>
<backgroundColor>-16777216</backgroundColor>
<lineWidth>1</lineWidth>
<points>
<point x="536" y="405"/>
<point x="861" y="405"/>
</points>
</Connector>
<Connector class="oracle.dbtools.crest.swingui.relational.TVFKRelation" oid="62F259E8-CA2B-E262-82A6-F7ED2E603DAB" otype="FKIndexAssociation" vid_source="909BD7E8-7DE4-6041-06E8-47CCE82B2B2C" vid_target="F51AD86B-C3F5-6B41-1A4B-0C488B887501">
<hideElementsInCurrentOnly>false</hideElementsInCurrentOnly>
<backgroundColor>-16777216</backgroundColor>
<lineWidth>1</lineWidth>
<points>
<point x="149" y="920"/>
<point x="346" y="560"/>
</points>
</Connector>
<Connector class="oracle.dbtools.crest.swingui.relational.TVFKRelation" oid="661C62E6-237A-6C39-5E56-6CFAF8A00585" otype="FKIndexAssociation" vid_source="F51AD86B-C3F5-6B41-1A4B-0C488B887501" vid_target="F51AD86B-C3F5-6B41-1A4B-0C488B887501">
<hideElementsInCurrentOnly>false</hideElementsInCurrentOnly>
<backgroundColor>-16777216</backgroundColor>
<lineWidth>1</lineWidth>
<points>
<point x="536" y="443"/>
<point x="586" y="443"/>
<point x="586" y="610"/>
<point x="442" y="610"/>
<point x="442" y="560"/>
</points>
</Connector>
<Connector class="oracle.dbtools.crest.swingui.relational.TVFKRelation" oid="86B1646D-ACC1-47A9-D8DF-BC2181A9C6C8" otype="FKIndexAssociation" vid_source="37E159AA-FEF8-C4B7-46D0-C512C425C7DD" vid_target="31E24686-294B-A7D2-6C4D-6FB16E85B4D8">
<hideElementsInCurrentOnly>false</hideElementsInCurrentOnly>
<backgroundColor>-16777216</backgroundColor>
<lineWidth>1</lineWidth>
<points>
<point x="960" y="592"/>
<point x="960" y="532"/>
</points>
</Connector>
<Connector class="oracle.dbtools.crest.swingui.relational.TVFKRelation" oid="94350D8C-EFE2-84A9-2C38-D14EDF6D56B4" otype="FKIndexAssociation" vid_source="37E159AA-FEF8-C4B7-46D0-C512C425C7DD" vid_target="E3843772-301A-3F66-7875-77BCA003BDFF">
<hideElementsInCurrentOnly>false</hideElementsInCurrentOnly>
<backgroundColor>-16777216</backgroundColor>
<lineWidth>1</lineWidth>
<points>
<point x="862" y="720"/>
<point x="230" y="720"/>
</points>
</Connector>
<Connector class="oracle.dbtools.crest.swingui.relational.TVFKRelation" oid="98417B96-6B29-08DD-C9EA-73110D8F0280" otype="FKIndexAssociation" vid_source="A95A63A6-D795-0086-08F0-65B2C5555419" vid_target="F51AD86B-C3F5-6B41-1A4B-0C488B887501">
<hideElementsInCurrentOnly>false</hideElementsInCurrentOnly>
<backgroundColor>-16777216</backgroundColor>
<lineWidth>1</lineWidth>
<points>
<point x="412" y="620"/>
<point x="412" y="560"/>
</points>
</Connector>
<Connector class="oracle.dbtools.crest.swingui.relational.TVFKRelation" oid="B2610D84-572F-D0CC-26B1-6C05F3D83988" otype="FKIndexAssociation" vid_source="909BD7E8-7DE4-6041-06E8-47CCE82B2B2C" vid_target="E3843772-301A-3F66-7875-77BCA003BDFF">
<hideElementsInCurrentOnly>false</hideElementsInCurrentOnly>
<backgroundColor>-16777216</backgroundColor>
<lineWidth>1</lineWidth>
<points>
<point x="125" y="920"/>
<point x="125" y="860"/>
</points>
</Connector>
<Connector class="oracle.dbtools.crest.swingui.relational.TVFKRelation" oid="BD74B5CB-F328-1451-AA2C-651D9B20A50F" otype="FKIndexAssociation" vid_source="85967EB7-4FF5-657E-AF53-E49B02D99C1B" vid_target="F51AD86B-C3F5-6B41-1A4B-0C488B887501">
<hideElementsInCurrentOnly>false</hideElementsInCurrentOnly>
<backgroundColor>-16777216</backgroundColor>
<lineWidth>1</lineWidth>
<points>
<point x="616" y="336"/>
<point x="536" y="336"/>
</points>
</Connector>
</connectors>
<displays>
<Display class="oracle.dbtools.crest.swingui.relational.DPVRelational" name="Display_1" id="DF4D090D-2A10-52FB-4D32-6577FED134ED">
<createdBy>Rodo</createdBy>
<modifiedBy>Rodo</modifiedBy>
<createdTime>2025-09-16 01:39:52 UTC</createdTime>
<autoRoute>false</autoRoute>
<boxInbox>true</boxInbox>
<showLegend>false</showLegend>
<showLabels>false</showLabels>
<showRelAttributes>false</showRelAttributes>
<gridEnabled>false</gridEnabled>
<showGrid>false</showGrid>
<diagramColor>-1</diagramColor>
<display>true</display>
<notation>1</notation>
<objectViews>
<OView class="oracle.dbtools.crest.swingui.relational.TVTable" oid="07FF4EFB-C9FE-140F-FBD8-C196E5EC34F7" otype="Table" vid="B3C82943-505D-082D-E12E-006032248B00">
<hideElementsInCurrentOnly>false</hideElementsInCurrentOnly>
<bounds x="827" y="591" width="196" height="198"/>
</OView>
<OView class="oracle.dbtools.crest.swingui.relational.TVTable" oid="086156D8-F704-9FDC-1459-574FC89CA7CC" otype="Table" vid="67FB631C-1AE6-FE32-52B4-5EA36213160D">
<hideElementsInCurrentOnly>false</hideElementsInCurrentOnly>
<bounds x="861" y="278" width="213" height="254"/>
</OView>
<OView class="oracle.dbtools.crest.swingui.relational.TVTable" oid="0BAF7C18-28D2-1C75-69AA-4E6EA42FBD89" otype="Table" vid="4D8EE77C-5F63-411D-B188-C758341065C8">
<hideElementsInCurrentOnly>false</hideElementsInCurrentOnly>
<bounds x="820" y="1027" width="180" height="88"/>
</OView>
<OView class="oracle.dbtools.crest.swingui.relational.TVTable" oid="1ED45C87-4E7B-9089-AB21-EEA99FEAC7BB" otype="Table" vid="B31D0E88-33F2-42E0-95B0-98EED5EF512C">
<hideElementsInCurrentOnly>false</hideElementsInCurrentOnly>
<bounds x="827" y="842" width="188" height="142"/>
</OView>
<OView class="oracle.dbtools.crest.swingui.relational.TVTable" oid="47CDFEAC-EA76-1DDF-F4C1-ABF39B8647BD" otype="Table" vid="5B315C3C-F670-08B0-9BD1-F8D27D68FC86">
<hideElementsInCurrentOnly>false</hideElementsInCurrentOnly>
<bounds x="20" y="620" width="210" height="240"/>
</OView>
<OView class="oracle.dbtools.crest.swingui.relational.TVTable" oid="71F767C0-1D55-CEE2-E965-FA5D04B74F3A" otype="Table" vid="88BD4F10-246C-F67C-566C-B8CBC28644C4">
<hideElementsInCurrentOnly>false</hideElementsInCurrentOnly>
<bounds x="310" y="278" width="226" height="282"/>
</OView>
<OView class="oracle.dbtools.crest.swingui.relational.TVTable" oid="AA3D9A3E-4207-20E8-9215-2696001B236E" otype="Table" vid="2B0AC138-BEB1-12F8-64D2-853159601B50">
<hideElementsInCurrentOnly>false</hideElementsInCurrentOnly>
<bounds x="717" y="20" width="203" height="116"/>
</OView>
<OView class="oracle.dbtools.crest.swingui.relational.TVTable" oid="AD914C13-7454-575A-E36F-891B0C0AD0AF" otype="Table" vid="E76A807B-1FD3-02A5-A69B-8D3CB38FE700">
<hideElementsInCurrentOnly>false</hideElementsInCurrentOnly>
<bounds x="21" y="920" width="209" height="88"/>
</OView>
<OView class="oracle.dbtools.crest.swingui.relational.TVTable" oid="B8133EB3-AF2D-B0D1-87F6-E401EA839745" otype="Table" vid="86987215-661D-E6F6-B131-82CF5073B339">
<hideElementsInCurrentOnly>false</hideElementsInCurrentOnly>
<bounds x="590" y="592" width="191" height="184"/>
</OView>
<OView class="oracle.dbtools.crest.swingui.relational.TVTable" oid="C560E253-C241-D6AB-7FF7-CADF8E04BB26" otype="Table" vid="4DADEA9F-6AED-6970-B9ED-C9D41A7A9B8F">
<hideElementsInCurrentOnly>false</hideElementsInCurrentOnly>
<bounds x="310" y="20" width="327" height="198"/>
</OView>
<OView class="oracle.dbtools.crest.swingui.relational.TVTable" oid="D00C6028-7AAA-1C52-FCA3-C0D393E3F03E" otype="Table" vid="08B0EE79-311D-8F16-2A0E-CF75A245E04D">
<hideElementsInCurrentOnly>false</hideElementsInCurrentOnly>
<bounds x="616" y="278" width="165" height="116"/>
</OView>
<OView class="oracle.dbtools.crest.swingui.relational.TVTable" oid="E598C303-CA61-8C43-3F0D-065B01D3C241" otype="Table" vid="33E700B8-78E9-0949-E8DD-391D1690CE07">
<hideElementsInCurrentOnly>false</hideElementsInCurrentOnly>
<bounds x="311" y="620" width="203" height="116"/>
</OView>
</objectViews>
<connectors>
<Connector class="oracle.dbtools.crest.swingui.relational.TVFKRelation" oid="0E076C51-70A2-7A34-FF41-35E4D0452A94" otype="FKIndexAssociation" vid_source="5B315C3C-F670-08B0-9BD1-F8D27D68FC86" vid_target="67FB631C-1AE6-FE32-52B4-5EA36213160D">
<hideElementsInCurrentOnly>false</hideElementsInCurrentOnly>
<backgroundColor>-16777216</backgroundColor>
<lineWidth>1</lineWidth>
<points>
<point x="230" y="698"/>
<point x="861" y="447"/>
</points>
</Connector>
<Connector class="oracle.dbtools.crest.swingui.relational.TVFKRelation" oid="0FE0A474-A030-3CD8-7B7F-34575E4B4B22" otype="FKIndexAssociation" vid_source="88BD4F10-246C-F67C-566C-B8CBC28644C4" vid_target="5B315C3C-F670-08B0-9BD1-F8D27D68FC86">
<hideElementsInCurrentOnly>false</hideElementsInCurrentOnly>
<backgroundColor>-16777216</backgroundColor>
<lineWidth>1</lineWidth>
<points>
<point x="310" y="540"/>
<point x="230" y="626"/>
</points>
</Connector>
<Connector class="oracle.dbtools.crest.swingui.relational.TVFKRelation" oid="1931C1BF-84D1-22E5-DAA3-881DA4494524" otype="FKIndexAssociation" vid_source="B31D0E88-33F2-42E0-95B0-98EED5EF512C" vid_target="B3C82943-505D-082D-E12E-006032248B00">
<hideElementsInCurrentOnly>false</hideElementsInCurrentOnly>
<backgroundColor>-16777216</backgroundColor>
<lineWidth>1</lineWidth>
<points>
<point x="921" y="842"/>
<point x="921" y="789"/>
</points>
</Connector>
<Connector class="oracle.dbtools.crest.swingui.relational.TVFKRelation" oid="1B9C1167-CDD4-6720-319F-7FCC5EB3976C" otype="FKIndexAssociation" vid_source="67FB631C-1AE6-FE32-52B4-5EA36213160D" vid_target="86987215-661D-E6F6-B131-82CF5073B339">
<hideElementsInCurrentOnly>false</hideElementsInCurrentOnly>
<backgroundColor>-16777216</backgroundColor>
<lineWidth>1</lineWidth>
<points>
<point x="861" y="510"/>
<point x="778" y="592"/>
</points>
</Connector>
<Connector class="oracle.dbtools.crest.swingui.relational.TVFKRelation" oid="1C456EA2-89A1-F3E7-F36E-5EBB2E52DBC2" otype="FKIndexAssociation" vid_source="2B0AC138-BEB1-12F8-64D2-853159601B50" vid_target="4DADEA9F-6AED-6970-B9ED-C9D41A7A9B8F">
<hideElementsInCurrentOnly>false</hideElementsInCurrentOnly>
<backgroundColor>-16777216</backgroundColor>
<lineWidth>1</lineWidth>
<points>
<point x="717" y="78"/>
<point x="637" y="78"/>
</points>
</Connector>
<Connector class="oracle.dbtools.crest.swingui.relational.TVFKRelation" oid="253F46A7-36B8-D626-870D-81E8DD87B2D8" otype="FKIndexAssociation" vid_source="88BD4F10-246C-F67C-566C-B8CBC28644C4" vid_target="4DADEA9F-6AED-6970-B9ED-C9D41A7A9B8F">
<hideElementsInCurrentOnly>false</hideElementsInCurrentOnly>
<backgroundColor>-16777216</backgroundColor>
<lineWidth>1</lineWidth>
<points>
<point x="423" y="278"/>
<point x="423" y="218"/>
</points>
</Connector>
<Connector class="oracle.dbtools.crest.swingui.relational.TVFKRelation" oid="2B0B16C4-02D2-7D1D-04F6-A3F0F7AAEB79" otype="FKIndexAssociation" vid_source="4D8EE77C-5F63-411D-B188-C758341065C8" vid_target="B31D0E88-33F2-42E0-95B0-98EED5EF512C">
<hideElementsInCurrentOnly>false</hideElementsInCurrentOnly>
<backgroundColor>-16777216</backgroundColor>
<lineWidth>1</lineWidth>
<points>
<point x="913" y="1027"/>
<point x="913" y="984"/>
</points>
</Connector>
<Connector class="oracle.dbtools.crest.swingui.relational.TVFKRelation" oid="37E4A705-BCB4-183D-1C77-8213748AF522" otype="FKIndexAssociation" vid_source="67FB631C-1AE6-FE32-52B4-5EA36213160D" vid_target="4DADEA9F-6AED-6970-B9ED-C9D41A7A9B8F">
<hideElementsInCurrentOnly>false</hideElementsInCurrentOnly>
<backgroundColor>-16777216</backgroundColor>
<lineWidth>1</lineWidth>
<points>
<point x="861" y="343"/>
<point x="637" y="213"/>
</points>
</Connector>
<Connector class="oracle.dbtools.crest.swingui.relational.TVFKRelation" oid="56F5DA6F-1F56-9C76-DCDE-1B99A5AAF720" otype="FKIndexAssociation" vid_source="88BD4F10-246C-F67C-566C-B8CBC28644C4" vid_target="67FB631C-1AE6-FE32-52B4-5EA36213160D">
<hideElementsInCurrentOnly>false</hideElementsInCurrentOnly>
<backgroundColor>-16777216</backgroundColor>
<lineWidth>1</lineWidth>
<points>
<point x="536" y="405"/>
<point x="861" y="405"/>
</points>
</Connector>
<Connector class="oracle.dbtools.crest.swingui.relational.TVFKRelation" oid="62F259E8-CA2B-E262-82A6-F7ED2E603DAB" otype="FKIndexAssociation" vid_source="E76A807B-1FD3-02A5-A69B-8D3CB38FE700" vid_target="88BD4F10-246C-F67C-566C-B8CBC28644C4">
<hideElementsInCurrentOnly>false</hideElementsInCurrentOnly>
<backgroundColor>-16777216</backgroundColor>
<lineWidth>1</lineWidth>
<points>
<point x="149" y="920"/>
<point x="346" y="560"/>
</points>
</Connector>
<Connector class="oracle.dbtools.crest.swingui.relational.TVFKRelation" oid="661C62E6-237A-6C39-5E56-6CFAF8A00585" otype="FKIndexAssociation" vid_source="88BD4F10-246C-F67C-566C-B8CBC28644C4" vid_target="88BD4F10-246C-F67C-566C-B8CBC28644C4">
<hideElementsInCurrentOnly>false</hideElementsInCurrentOnly>
<backgroundColor>-16777216</backgroundColor>
<lineWidth>1</lineWidth>
<points>
<point x="536" y="443"/>
<point x="586" y="443"/>
<point x="586" y="610"/>
<point x="442" y="610"/>
<point x="442" y="560"/>
</points>
</Connector>
<Connector class="oracle.dbtools.crest.swingui.relational.TVFKRelation" oid="86B1646D-ACC1-47A9-D8DF-BC2181A9C6C8" otype="FKIndexAssociation" vid_source="B3C82943-505D-082D-E12E-006032248B00" vid_target="67FB631C-1AE6-FE32-52B4-5EA36213160D">
<hideElementsInCurrentOnly>false</hideElementsInCurrentOnly>
<backgroundColor>-16777216</backgroundColor>
<lineWidth>1</lineWidth>
<points>
<point x="942" y="591"/>
<point x="942" y="532"/>
</points>
</Connector>
<Connector class="oracle.dbtools.crest.swingui.relational.TVFKRelation" oid="94350D8C-EFE2-84A9-2C38-D14EDF6D56B4" otype="FKIndexAssociation" vid_source="B3C82943-505D-082D-E12E-006032248B00" vid_target="5B315C3C-F670-08B0-9BD1-F8D27D68FC86">
<hideElementsInCurrentOnly>false</hideElementsInCurrentOnly>
<backgroundColor>-16777216</backgroundColor>
<lineWidth>1</lineWidth>
<points>
<point x="827" y="719"/>
<point x="230" y="719"/>
</points>
</Connector>
<Connector class="oracle.dbtools.crest.swingui.relational.TVFKRelation" oid="98417B96-6B29-08DD-C9EA-73110D8F0280" otype="FKIndexAssociation" vid_source="33E700B8-78E9-0949-E8DD-391D1690CE07" vid_target="88BD4F10-246C-F67C-566C-B8CBC28644C4">
<hideElementsInCurrentOnly>false</hideElementsInCurrentOnly>
<backgroundColor>-16777216</backgroundColor>
<lineWidth>1</lineWidth>
<points>
<point x="412" y="620"/>
<point x="412" y="560"/>
</points>
</Connector>
<Connector class="oracle.dbtools.crest.swingui.relational.TVFKRelation" oid="B2610D84-572F-D0CC-26B1-6C05F3D83988" otype="FKIndexAssociation" vid_source="E76A807B-1FD3-02A5-A69B-8D3CB38FE700" vid_target="5B315C3C-F670-08B0-9BD1-F8D27D68FC86">
<hideElementsInCurrentOnly>false</hideElementsInCurrentOnly>
<backgroundColor>-16777216</backgroundColor>
<lineWidth>1</lineWidth>
<points>
<point x="125" y="920"/>
<point x="125" y="860"/>
</points>
</Connector>
<Connector class="oracle.dbtools.crest.swingui.relational.TVFKRelation" oid="BD74B5CB-F328-1451-AA2C-651D9B20A50F" otype="FKIndexAssociation" vid_source="08B0EE79-311D-8F16-2A0E-CF75A245E04D" vid_target="88BD4F10-246C-F67C-566C-B8CBC28644C4">
<hideElementsInCurrentOnly>false</hideElementsInCurrentOnly>
<backgroundColor>-16777216</backgroundColor>
<lineWidth>1</lineWidth>
<points>
<point x="616" y="336"/>
<point x="536" y="336"/>
</points>
</Connector>
</connectors>
</Display>
</displays>
</Diagram>