<?xml version = '1.0' encoding = 'UTF-8'?>
<Entity class="oracle.dbtools.crest.model.design.logical.Entity" directorySegmentName="seg_0" id="08F12A1A-FE8B-79EF-2BF7-86C755407D33" name="ANEXO">
<createdBy>Rodo</createdBy>
<createdTime>2025-09-02 02:02:47 UTC</createdTime>
<ownerDesignName>Sum1_RodolfoCisterna</ownerDesignName>
<engineerTo>
<item key="4E46B517-CE72-1FBB-6F65-E135CEBA230D" value="true"/>
</engineerTo>
<adequatelyNormalized>NO</adequatelyNormalized>
<expectedVolumes>0</expectedVolumes>
<fwdEngineeringStrategyName>Single Table</fwdEngineeringStrategyName>
<growthPercent>0</growthPercent>
<growthType>Year</growthType>
<maxVolumes>9999999</maxVolumes>
<minVolumes>0</minVolumes>
<normalForm>Third</normalForm>
<attributes itemClass="oracle.dbtools.crest.model.design.logical.Attribute">
<Attribute name="id_anexo" id="76E67FB0-9445-244D-5D12-59ABCEDAED0E">
<createdBy>Rodo</createdBy>
<createdTime>2025-09-02 02:23:36 UTC</createdTime>
<notes><![CDATA[Anexo Vigente = fecha_termino nula o futura]]></notes>
<ownerDesignName>Sum1_RodolfoCisterna</ownerDesignName>
<engineerTo>
<item key="4E46B517-CE72-1FBB-6F65-E135CEBA230D" value="true"/>
</engineerTo>
<useDomainConstraints>false</useDomainConstraints>
<use>1</use>
<logicalDatatype>LOGDT011</logicalDatatype>
<ownDataTypeParameters>,,</ownDataTypeParameters>
</Attribute>
<Attribute name="id_contrato" id="F5B875B4-7C69-AE45-A323-AFCF6C524D29">
<createdBy>Rodo</createdBy>
<createdTime>2025-09-02 02:23:55 UTC</createdTime>
<ownerDesignName>Sum1_RodolfoCisterna</ownerDesignName>
<engineerTo>
<item key="4E46B517-CE72-1FBB-6F65-E135CEBA230D" value="true"/>
</engineerTo>
<useDomainConstraints>false</useDomainConstraints>
<use>1</use>
<logicalDatatype>LOGDT011</logicalDatatype>
<ownDataTypeParameters>,,</ownDataTypeParameters>
</Attribute>
<Attribute name="id_residente" id="BF955340-0947-0F20-CEA2-0517F6C21824">
<createdBy>Rodo</createdBy>
<createdTime>2025-09-02 02:24:19 UTC</createdTime>
<ownerDesignName>Sum1_RodolfoCisterna</ownerDesignName>
<engineerTo>
<item key="4E46B517-CE72-1FBB-6F65-E135CEBA230D" value="true"/>
</engineerTo>
<useDomainConstraints>false</useDomainConstraints>
<use>1</use>
<logicalDatatype>LOGDT011</logicalDatatype>
<ownDataTypeParameters>,,</ownDataTypeParameters>
</Attribute>
<Attribute name="fecha_inicio" id="4DCBC609-35D0-8612-6FDD-D8E520BA94A1">
<createdBy>Rodo</createdBy>
<createdTime>2025-09-02 02:24:36 UTC</createdTime>
<ownerDesignName>Sum1_RodolfoCisterna</ownerDesignName>
<engineerTo>
<item key="4E46B517-CE72-1FBB-6F65-E135CEBA230D" value="true"/>
</engineerTo>
<useDomainConstraints>false</useDomainConstraints>
<use>1</use>
<logicalDatatype>LOGDT007</logicalDatatype>
<ownDataTypeParameters>,,</ownDataTypeParameters>
</Attribute>
<Attribute name="fecha_termino" id="C731AB06-6C32-B593-6D56-1FD5F69C595E">
<createdBy>Rodo</createdBy>
<createdTime>2025-09-02 02:24:58 UTC</createdTime>
<ownerDesignName>Sum1_RodolfoCisterna</ownerDesignName>
<engineerTo>
<item key="4E46B517-CE72-1FBB-6F65-E135CEBA230D" value="true"/>
</engineerTo>
<nullsAllowed>true</nullsAllowed>
<useDomainConstraints>false</useDomainConstraints>
<use>1</use>
<logicalDatatype>LOGDT007</logicalDatatype>
<ownDataTypeParameters>,,</ownDataTypeParameters>
</Attribute>
<Attribute name="observaciones" id="69CEE2E6-787A-AC66-F7F0-EC86C4923363">
<createdBy>Rodo</createdBy>
<createdTime>2025-09-02 02:25:35 UTC</createdTime>
<ownerDesignName>Sum1_RodolfoCisterna</ownerDesignName>
<engineerTo>
<item key="4E46B517-CE72-1FBB-6F65-E135CEBA230D" value="true"/>
</engineerTo>
<nullsAllowed>true</nullsAllowed>
<useDomainConstraints>false</useDomainConstraints>
<use>1</use>
<logicalDatatype>LOGDT024</logicalDatatype>
<dataTypeSize>500 CHAR</dataTypeSize>
<ownDataTypeParameters>500 CHAR,,</ownDataTypeParameters>
</Attribute>
<Attribute name="id_contrato1" id="DB9EEC88-4D86-46EA-8DD5-0266E5704EA5">
<createdBy>Rodo</createdBy>
<createdTime>2025-09-02 02:43:14 UTC</createdTime>
<generatorID>5AEFF02C-7941-57C6-D55A-4FDAD94D7ED2</generatorID>
<ownerDesignName>Sum1_RodolfoCisterna</ownerDesignName>
<engineerTo>
<item key="4E46B517-CE72-1FBB-6F65-E135CEBA230D" value="true"/>
</engineerTo>
<referedAttribute>AC691C88-E724-1AC8-8040-54FEDB9ED4AD</referedAttribute>
<useDomainConstraints>false</useDomainConstraints>
<use>1</use>
<logicalDatatype>LOGDT011</logicalDatatype>
<ownDataTypeParameters>,,</ownDataTypeParameters>
</Attribute>
<Attribute name="id_residente1" id="211AFD9F-664C-7404-5527-8FF82351BD36">
<createdBy>Rodo</createdBy>
<createdTime>2025-09-02 03:02:31 UTC</createdTime>
<generatorID>F9A2844A-FF47-4FF7-5149-79648083C650</generatorID>
<ownerDesignName>Sum1_RodolfoCisterna</ownerDesignName>
<engineerTo>
<item key="4E46B517-CE72-1FBB-6F65-E135CEBA230D" value="true"/>
</engineerTo>
<referedAttribute>05848000-765A-78D5-DC69-B676E904FF7D</referedAttribute>
<useDomainConstraints>false</useDomainConstraints>
<use>1</use>
<logicalDatatype>LOGDT011</logicalDatatype>
<ownDataTypeParameters>,,</ownDataTypeParameters>
</Attribute>
<Attribute name="codigo" id="95E79E9F-0AEC-BE40-B878-8488E2A36311">
<createdBy>Rodo</createdBy>
<createdTime>2025-09-02 03:03:11 UTC</createdTime>
<generatorID>5AEFF02C-7941-57C6-D55A-4FDAD94D7ED2</generatorID>
<ownerDesignName>Sum1_RodolfoCisterna</ownerDesignName>
<engineerTo>
<item key="4E46B517-CE72-1FBB-6F65-E135CEBA230D" value="true"/>
</engineerTo>
<referedAttribute>5012DA2B-C08C-C7DC-EFFA-B41014C03E32</referedAttribute>
<useDomainConstraints>false</useDomainConstraints>
<use>1</use>
<logicalDatatype>LOGDT024</logicalDatatype>
<dataTypeSize>20 CHAR</dataTypeSize>
<ownDataTypeParameters>,,</ownDataTypeParameters>
</Attribute>
<Attribute name="rut" id="B6BBE150-4F38-E98B-2396-C10B913D988E">
<createdBy>Rodo</createdBy>
<createdTime>2025-09-02 03:13:29 UTC</createdTime>
<generatorID>F9A2844A-FF47-4FF7-5149-79648083C650</generatorID>
<ownerDesignName>Sum1_RodolfoCisterna</ownerDesignName>
<engineerTo>
<item key="4E46B517-CE72-1FBB-6F65-E135CEBA230D" value="true"/>
</engineerTo>
<referedAttribute>8CD66D7F-60B1-2C48-E4BF-A77F345D3F45</referedAttribute>
<useDomainConstraints>false</useDomainConstraints>
<use>1</use>
<logicalDatatype>LOGDT024</logicalDatatype>
<dataTypeSize>12 CHAR</dataTypeSize>
<ownDataTypeParameters>,,</ownDataTypeParameters>
</Attribute>
</attributes>
<identifiers itemClass="oracle.dbtools.crest.model.design.logical.CandidateKey">
<identifier id="B94ECB92-AF7D-01E7-EF14-E8FDAB576F91" name="ANEXO PK">
<createdBy>Rodo</createdBy>
<createdTime>2025-09-02 02:24:03 UTC</createdTime>
<ownerDesignName>Sum1_RodolfoCisterna</ownerDesignName>
<engineerTo>
<item key="4E46B517-CE72-1FBB-6F65-E135CEBA230D" value="true"/>
</engineerTo>
<pk>true</pk>
<usedAttributes>
<attributeRef>76E67FB0-9445-244D-5D12-59ABCEDAED0E</attributeRef>
<attributeRef>F5B875B4-7C69-AE45-A323-AFCF6C524D29</attributeRef>
<attributeRef>BF955340-0947-0F20-CEA2-0517F6C21824</attributeRef>
<attributeRef>4DCBC609-35D0-8612-6FDD-D8E520BA94A1</attributeRef>
</usedAttributes>
</identifier>
</identifiers>
</Entity>