<?xml version = '1.0' encoding = 'UTF-8'?>
<Entity class="oracle.dbtools.crest.model.design.logical.Entity" directorySegmentName="seg_0" id="56D5ADC4-45AF-BAD0-C3CB-5718FC5BF2A1" name="HABITACION">
<createdBy>Rodo</createdBy>
<createdTime>2025-09-02 02:02:12 UTC</createdTime>
<ownerDesignName>Sum1_RodolfoCisterna</ownerDesignName>
<engineerTo>
<item key="4E46B517-CE72-1FBB-6F65-E135CEBA230D" value="true"/>
</engineerTo>
<adequatelyNormalized>NO</adequatelyNormalized>
<expectedVolumes>0</expectedVolumes>
<fwdEngineeringStrategyName>Single Table</fwdEngineeringStrategyName>
<growthPercent>0</growthPercent>
<growthType>Year</growthType>
<maxVolumes>9999999</maxVolumes>
<minVolumes>0</minVolumes>
<normalForm>Third</normalForm>
<attributes itemClass="oracle.dbtools.crest.model.design.logical.Attribute">
<Attribute name="id_habitacion" id="7D12EC8B-74C9-8B69-02B3-3A50D01ED2C1">
<createdBy>Rodo</createdBy>
<createdTime>2025-09-02 02:18:10 UTC</createdTime>
<ownerDesignName>Sum1_RodolfoCisterna</ownerDesignName>
<engineerTo>
<item key="4E46B517-CE72-1FBB-6F65-E135CEBA230D" value="true"/>
</engineerTo>
<useDomainConstraints>false</useDomainConstraints>
<use>1</use>
<logicalDatatype>LOGDT011</logicalDatatype>
<ownDataTypeParameters>,,</ownDataTypeParameters>
</Attribute>
<Attribute name="id_residencia" id="82C0B5EF-349B-844D-103C-8AC28D197C50">
<createdBy>Rodo</createdBy>
<createdTime>2025-09-02 02:18:38 UTC</createdTime>
<ownerDesignName>Sum1_RodolfoCisterna</ownerDesignName>
<engineerTo>
<item key="4E46B517-CE72-1FBB-6F65-E135CEBA230D" value="true"/>
</engineerTo>
<useDomainConstraints>false</useDomainConstraints>
<use>1</use>
<logicalDatatype>LOGDT011</logicalDatatype>
<ownDataTypeParameters>,,</ownDataTypeParameters>
</Attribute>
<Attribute name="numero" id="085DFED1-8E61-15E7-6BBF-8CA5AC5BA34D">
<createdBy>Rodo</createdBy>
<createdTime>2025-09-02 02:18:43 UTC</createdTime>
<ownerDesignName>Sum1_RodolfoCisterna</ownerDesignName>
<engineerTo>
<item key="4E46B517-CE72-1FBB-6F65-E135CEBA230D" value="true"/>
</engineerTo>
<useDomainConstraints>false</useDomainConstraints>
<use>1</use>
<logicalDatatype>LOGDT024</logicalDatatype>
<dataTypeSize>15 CHAR</dataTypeSize>
<ownDataTypeParameters>15 CHAR,,</ownDataTypeParameters>
</Attribute>
<Attribute name="tipo" id="7BEAC552-B5C9-7B18-D8F5-8B1ED17367CE">
<createdBy>Rodo</createdBy>
<createdTime>2025-09-02 02:19:00 UTC</createdTime>
<ownerDesignName>Sum1_RodolfoCisterna</ownerDesignName>
<engineerTo>
<item key="4E46B517-CE72-1FBB-6F65-E135CEBA230D" value="true"/>
</engineerTo>
<useDomainConstraints>false</useDomainConstraints>
<use>1</use>
<logicalDatatype>LOGDT024</logicalDatatype>
<dataTypeSize>15 CHAR</dataTypeSize>
<ownDataTypeParameters>15 CHAR,,</ownDataTypeParameters>
</Attribute>
<Attribute name="estado" id="85FA9AF0-979E-61EB-CE38-E5702302D25E">
<createdBy>Rodo</createdBy>
<createdTime>2025-09-02 02:19:21 UTC</createdTime>
<ownerDesignName>Sum1_RodolfoCisterna</ownerDesignName>
<engineerTo>
<item key="4E46B517-CE72-1FBB-6F65-E135CEBA230D" value="true"/>
</engineerTo>
<useDomainConstraints>false</useDomainConstraints>
<use>1</use>
<logicalDatatype>LOGDT024</logicalDatatype>
<dataTypeSize>15 CHAR</dataTypeSize>
<ownDataTypeParameters>15 CHAR,,</ownDataTypeParameters>
</Attribute>
<Attribute name="id_residencia1" id="8233ECDA-9973-1B14-860E-DE61F5D54A95">
<createdBy>Rodo</createdBy>
<createdTime>2025-09-02 02:39:36 UTC</createdTime>
<generatorID>181D0B23-55A2-326F-97B5-EE731EE7D372</generatorID>
<ownerDesignName>Sum1_RodolfoCisterna</ownerDesignName>
<engineerTo>
<item key="4E46B517-CE72-1FBB-6F65-E135CEBA230D" value="true"/>
</engineerTo>
<referedAttribute>DF83BD88-A294-9414-85CB-FF4A9EE7FD1D</referedAttribute>
<useDomainConstraints>false</useDomainConstraints>
<use>1</use>
<logicalDatatype>LOGDT011</logicalDatatype>
<ownDataTypeParameters>,,</ownDataTypeParameters>
</Attribute>
</attributes>
<identifiers itemClass="oracle.dbtools.crest.model.design.logical.CandidateKey">
<identifier id="225AB468-6945-9800-5009-54768B0B94D6" name="HABITACION PK">
<createdBy>Rodo</createdBy>
<createdTime>2025-09-02 02:18:28 UTC</createdTime>
<ownerDesignName>Sum1_RodolfoCisterna</ownerDesignName>
<engineerTo>
<item key="4E46B517-CE72-1FBB-6F65-E135CEBA230D" value="true"/>
</engineerTo>
<pk>true</pk>
<usedAttributes>
<attributeRef>7D12EC8B-74C9-8B69-02B3-3A50D01ED2C1</attributeRef>
<attributeRef>82C0B5EF-349B-844D-103C-8AC28D197C50</attributeRef>
</usedAttributes>
</identifier>
</identifiers>
</Entity>