<?xml version = '1.0' encoding = 'UTF-8'?>
<Entity class="oracle.dbtools.crest.model.design.logical.Entity" directorySegmentName="seg_0" id="799A4282-1A5C-9F01-257D-2DECC1B90A5F" name="HABITACION ASIGNADA">
<createdBy>Rodo</createdBy>
<createdTime>2025-09-02 02:02:56 UTC</createdTime>
<ownerDesignName>Sum1_RodolfoCisterna</ownerDesignName>
<engineerTo>
<item key="4E46B517-CE72-1FBB-6F65-E135CEBA230D" value="true"/>
</engineerTo>
<adequatelyNormalized>NO</adequatelyNormalized>
<expectedVolumes>0</expectedVolumes>
<fwdEngineeringStrategyName>Single Table</fwdEngineeringStrategyName>
<growthPercent>0</growthPercent>
<growthType>Year</growthType>
<maxVolumes>9999999</maxVolumes>
<minVolumes>0</minVolumes>
<normalForm>Third</normalForm>
<attributes itemClass="oracle.dbtools.crest.model.design.logical.Attribute">
<Attribute name="id_asignacion" id="B0FA8EDF-3A90-C789-708B-BA83828F07A9">
<createdBy>Rodo</createdBy>
<createdTime>2025-09-02 02:26:37 UTC</createdTime>
<notes><![CDATA[Una Habitacion solo puede tener un residente activo]]></notes>
<ownerDesignName>Sum1_RodolfoCisterna</ownerDesignName>
<engineerTo>
<item key="4E46B517-CE72-1FBB-6F65-E135CEBA230D" value="true"/>
</engineerTo>
<useDomainConstraints>false</useDomainConstraints>
<use>1</use>
<logicalDatatype>LOGDT011</logicalDatatype>
<ownDataTypeParameters>,,</ownDataTypeParameters>
</Attribute>
<Attribute name="id_residente" id="98BFA3EA-9298-1CDA-7DE8-D7CF6FFD6101">
<createdBy>Rodo</createdBy>
<createdTime>2025-09-02 02:26:57 UTC</createdTime>
<ownerDesignName>Sum1_RodolfoCisterna</ownerDesignName>
<engineerTo>
<item key="4E46B517-CE72-1FBB-6F65-E135CEBA230D" value="true"/>
</engineerTo>
<useDomainConstraints>false</useDomainConstraints>
<use>1</use>
<logicalDatatype>LOGDT011</logicalDatatype>
<ownDataTypeParameters>,,</ownDataTypeParameters>
</Attribute>
<Attribute name="id_habitacion" id="CE8F0CC2-15CE-A7F8-9E75-A387D3571C6C">
<createdBy>Rodo</createdBy>
<createdTime>2025-09-02 02:27:09 UTC</createdTime>
<ownerDesignName>Sum1_RodolfoCisterna</ownerDesignName>
<engineerTo>
<item key="4E46B517-CE72-1FBB-6F65-E135CEBA230D" value="true"/>
</engineerTo>
<useDomainConstraints>false</useDomainConstraints>
<use>1</use>
<logicalDatatype>LOGDT011</logicalDatatype>
<ownDataTypeParameters>,,</ownDataTypeParameters>
</Attribute>
<Attribute name="fecha_inicio" id="1EAAC256-8CA7-4644-0678-7DE7FF569E14">
<createdBy>Rodo</createdBy>
<createdTime>2025-09-02 02:27:27 UTC</createdTime>
<ownerDesignName>Sum1_RodolfoCisterna</ownerDesignName>
<engineerTo>
<item key="4E46B517-CE72-1FBB-6F65-E135CEBA230D" value="true"/>
</engineerTo>
<useDomainConstraints>false</useDomainConstraints>
<use>1</use>
<logicalDatatype>LOGDT007</logicalDatatype>
<ownDataTypeParameters>,,</ownDataTypeParameters>
</Attribute>
<Attribute name="fecha_termino" id="7F3A2080-0EF6-B746-3C74-4FAC085E5306">
<createdBy>Rodo</createdBy>
<createdTime>2025-09-02 02:27:41 UTC</createdTime>
<ownerDesignName>Sum1_RodolfoCisterna</ownerDesignName>
<engineerTo>
<item key="4E46B517-CE72-1FBB-6F65-E135CEBA230D" value="true"/>
</engineerTo>
<nullsAllowed>true</nullsAllowed>
<useDomainConstraints>false</useDomainConstraints>
<use>1</use>
<logicalDatatype>LOGDT007</logicalDatatype>
<ownDataTypeParameters>,,</ownDataTypeParameters>
</Attribute>
<Attribute name="observaciones" id="3B2DB4CA-9F6C-3C55-EC2E-E75A0D323B40">
<createdBy>Rodo</createdBy>
<createdTime>2025-09-02 02:27:59 UTC</createdTime>
<ownerDesignName>Sum1_RodolfoCisterna</ownerDesignName>
<engineerTo>
<item key="4E46B517-CE72-1FBB-6F65-E135CEBA230D" value="true"/>
</engineerTo>
<nullsAllowed>true</nullsAllowed>
<useDomainConstraints>false</useDomainConstraints>
<use>1</use>
<logicalDatatype>LOGDT024</logicalDatatype>
<dataTypeSize>500 CHAR</dataTypeSize>
<ownDataTypeParameters>500 CHAR,,</ownDataTypeParameters>
</Attribute>
<Attribute name="id_habitacion1" id="FBEE3EAB-AE7C-5B37-AD59-CF6A1C84E2B6">
<createdBy>Rodo</createdBy>
<createdTime>2025-09-02 02:45:38 UTC</createdTime>
<generatorID>CDD3E5B8-3541-1A0B-E39A-81664FEA4DF7</generatorID>
<ownerDesignName>Sum1_RodolfoCisterna</ownerDesignName>
<engineerTo>
<item key="4E46B517-CE72-1FBB-6F65-E135CEBA230D" value="true"/>
</engineerTo>
<referedAttribute>7D12EC8B-74C9-8B69-02B3-3A50D01ED2C1</referedAttribute>
<useDomainConstraints>false</useDomainConstraints>
<use>1</use>
<logicalDatatype>LOGDT011</logicalDatatype>
<ownDataTypeParameters>,,</ownDataTypeParameters>
</Attribute>
<Attribute name="id_residente1" id="75D42CE5-793C-48DE-78D5-3B1273549BA9">
<createdBy>Rodo</createdBy>
<createdTime>2025-09-02 03:02:31 UTC</createdTime>
<generatorID>892B437B-5131-32E7-0857-0EEFB67737A3</generatorID>
<ownerDesignName>Sum1_RodolfoCisterna</ownerDesignName>
<engineerTo>
<item key="4E46B517-CE72-1FBB-6F65-E135CEBA230D" value="true"/>
</engineerTo>
<referedAttribute>05848000-765A-78D5-DC69-B676E904FF7D</referedAttribute>
<useDomainConstraints>false</useDomainConstraints>
<use>1</use>
<logicalDatatype>LOGDT011</logicalDatatype>
<ownDataTypeParameters>,,</ownDataTypeParameters>
</Attribute>
<Attribute name="id_residencia" id="35E792BB-E744-C4F1-9A90-F6053A235D15">
<createdBy>Rodo</createdBy>
<createdTime>2025-09-02 03:03:40 UTC</createdTime>
<generatorID>CDD3E5B8-3541-1A0B-E39A-81664FEA4DF7</generatorID>
<ownerDesignName>Sum1_RodolfoCisterna</ownerDesignName>
<engineerTo>
<item key="4E46B517-CE72-1FBB-6F65-E135CEBA230D" value="true"/>
</engineerTo>
<referedAttribute>82C0B5EF-349B-844D-103C-8AC28D197C50</referedAttribute>
<useDomainConstraints>false</useDomainConstraints>
<use>1</use>
<logicalDatatype>LOGDT011</logicalDatatype>
<ownDataTypeParameters>,,</ownDataTypeParameters>
</Attribute>
<Attribute name="rut" id="3D9BA74B-420D-3D71-AECD-A87EDAD5FA08">
<createdBy>Rodo</createdBy>
<createdTime>2025-09-02 03:13:29 UTC</createdTime>
<generatorID>892B437B-5131-32E7-0857-0EEFB67737A3</generatorID>
<ownerDesignName>Sum1_RodolfoCisterna</ownerDesignName>
<engineerTo>
<item key="4E46B517-CE72-1FBB-6F65-E135CEBA230D" value="true"/>
</engineerTo>
<referedAttribute>8CD66D7F-60B1-2C48-E4BF-A77F345D3F45</referedAttribute>
<useDomainConstraints>false</useDomainConstraints>
<use>1</use>
<logicalDatatype>LOGDT024</logicalDatatype>
<dataTypeSize>12 CHAR</dataTypeSize>
<ownDataTypeParameters>,,</ownDataTypeParameters>
</Attribute>
</attributes>
<identifiers itemClass="oracle.dbtools.crest.model.design.logical.CandidateKey">
<identifier id="72C90AE6-2EB5-18DE-4A51-01B63594CE50" name="HABITACION ASIGNADA PK">
<createdBy>Rodo</createdBy>
<createdTime>2025-09-02 02:26:48 UTC</createdTime>
<ownerDesignName>Sum1_RodolfoCisterna</ownerDesignName>
<engineerTo>
<item key="4E46B517-CE72-1FBB-6F65-E135CEBA230D" value="true"/>
</engineerTo>
<pk>true</pk>
<usedAttributes>
<attributeRef>B0FA8EDF-3A90-C789-708B-BA83828F07A9</attributeRef>
</usedAttributes>
</identifier>
</identifiers>
</Entity>