<?xml version = '1.0' encoding = 'UTF-8'?>
<Table class="oracle.dbtools.crest.model.design.relational.Table" directorySegmentName="seg_0" id="47CDFEAC-EA76-1DDF-F4C1-ABF39B8647BD" name="CITA">
<sourceDDLFile>oracle_ddl.sql</sourceDDLFile>
<createdBy>Rodo</createdBy>
<createdTime>2025-09-16 01:19:21 UTC</createdTime>
<ownerDesignName>Exp2_S5_Rodolfo_Cisterna</ownerDesignName>
<importedID>AB500CC7-9C67-C503-440C-1C492BE51875</importedID>
<allowColumnReorder>false</allowColumnReorder>
<existDependencyGenerateInDDl>true</existDependencyGenerateInDDl>
<parsed>true</parsed>
<columns itemClass="oracle.dbtools.crest.model.design.relational.Column">
<Column name="id_cita" id="4FC88984-06AA-E9CF-46F0-33F44BF83ECF">
<sourceDDLFile>oracle_ddl.sql</sourceDDLFile>
<createdBy>Rodo</createdBy>
<createdTime>2025-09-16 01:19:22 UTC</createdTime>
<ownerDesignName>Exp2_S5_Rodolfo_Cisterna</ownerDesignName>
<importedID>9E935D9D-A847-C18B-DC51-F47CD0E7521B</importedID>
<use>0</use>
<logicalDatatype>LOGDT019</logicalDatatype>
<domain>44B7C0CF-8698-E2B1-7302-11A37DD042BE</domain>
<ownDataTypeParameters>,,</ownDataTypeParameters>
<autoIncrementColumn>true</autoIncrementColumn>
<identityColumn>true</identityColumn>
<autoIncrementGenerateAlways>true</autoIncrementGenerateAlways>
<autoIncrementCycle>false</autoIncrementCycle>
<autoIncrementOrder>false</autoIncrementOrder>
</Column>
<Column name="fecha_cita" id="62A9C1C9-E664-5DA7-F540-611F3BF41ED0">
<sourceDDLFile>oracle_ddl.sql</sourceDDLFile>
<createdBy>Rodo</createdBy>
<createdTime>2025-09-16 01:19:22 UTC</createdTime>
<ownerDesignName>Exp2_S5_Rodolfo_Cisterna</ownerDesignName>
<importedID>48BC0069-0A28-DAAF-4A02-446724500C56</importedID>
<use>0</use>
<logicalDatatype>LOGDT007</logicalDatatype>
<domain>098F2674-06C1-9DB5-2589-A4968336C2CA</domain>
<ownDataTypeParameters>,,</ownDataTypeParameters>
<autoIncrementCycle>false</autoIncrementCycle>
</Column>
<Column name="tipo_atencion" id="1A103ACE-7F5D-5E17-0A13-709ED5A7DE3A">
<sourceDDLFile>oracle_ddl.sql</sourceDDLFile>
<createdBy>Rodo</createdBy>
<createdTime>2025-09-16 01:19:22 UTC</createdTime>
<ownerDesignName>Exp2_S5_Rodolfo_Cisterna</ownerDesignName>
<importedID>0CC557BA-E57A-DA8E-1FC8-3CE8A5196AB2</importedID>
<use>0</use>
<logicalDatatype>LOGDT024</logicalDatatype>
<domain>7EEB8A39-7E37-564D-24EE-61151233CBF2</domain>
<ownDataTypeParameters>,,</ownDataTypeParameters>
<autoIncrementCycle>false</autoIncrementCycle>
</Column>
<Column name="estado" id="93739D8E-73A3-D44D-CD7F-3E2CA732BDDD">
<sourceDDLFile>oracle_ddl.sql</sourceDDLFile>
<createdBy>Rodo</createdBy>
<createdTime>2025-09-16 01:19:22 UTC</createdTime>
<ownerDesignName>Exp2_S5_Rodolfo_Cisterna</ownerDesignName>
<importedID>AF68C0F0-42CD-6E2F-2511-FB0DA69A8807</importedID>
<use>0</use>
<logicalDatatype>LOGDT024</logicalDatatype>
<domain>A2A70A52-D844-FE84-769E-1D24AAEAD419</domain>
<ownDataTypeParameters>,,</ownDataTypeParameters>
<autoIncrementCycle>false</autoIncrementCycle>
</Column>
<Column name="id_paciente" id="60E420AD-65D3-188F-F3FD-BC090C2670EC">
<sourceDDLFile>oracle_ddl.sql</sourceDDLFile>
<createdBy>Rodo</createdBy>
<createdTime>2025-09-16 01:19:22 UTC</createdTime>
<ownerDesignName>Exp2_S5_Rodolfo_Cisterna</ownerDesignName>
<importedID>F7614F1E-2E5E-3CAA-AD56-2C54785F8EEC</importedID>
<use>0</use>
<logicalDatatype>LOGDT019</logicalDatatype>
<domain>44B7C0CF-8698-E2B1-7302-11A37DD042BE</domain>
<ownDataTypeParameters>,,</ownDataTypeParameters>
<autoIncrementCycle>false</autoIncrementCycle>
<associations>
<colAssociation fkAssociation="94350D8C-EFE2-84A9-2C38-D14EDF6D56B4" referredColumn="9BDD97EC-0AB4-FD50-51A7-5F40DE36A9D2"/>
</associations>
</Column>
<Column name="id_especialidad" id="305797F2-3DC0-710C-CA89-D1769CB47B2B">
<sourceDDLFile>oracle_ddl.sql</sourceDDLFile>
<createdBy>Rodo</createdBy>
<createdTime>2025-09-16 01:19:22 UTC</createdTime>
<ownerDesignName>Exp2_S5_Rodolfo_Cisterna</ownerDesignName>
<importedID>2FB48BAF-0693-ABD4-486C-B057FA061203</importedID>
<use>0</use>
<logicalDatatype>LOGDT019</logicalDatatype>
<domain>44B7C0CF-8698-E2B1-7302-11A37DD042BE</domain>
<ownDataTypeParameters>,,</ownDataTypeParameters>
<autoIncrementCycle>false</autoIncrementCycle>
<associations>
<colAssociation fkAssociation="B2610D84-572F-D0CC-26B1-6C05F3D83988" referredColumn="9D71AFC9-AEFA-5C76-8119-BB2B3609DB56"/>
</associations>
</Column>
<Column name="id_medico" id="D4A6F411-ABCE-DB7F-413F-A058B898BCC5">
<sourceDDLFile>oracle_ddl.sql</sourceDDLFile>
<createdBy>Rodo</createdBy>
<createdTime>2025-09-16 01:19:22 UTC</createdTime>
<ownerDesignName>Exp2_S5_Rodolfo_Cisterna</ownerDesignName>
<importedID>4C794C09-2965-3F48-4AEC-4B6BCA96AF5E</importedID>
<nullsAllowed>true</nullsAllowed>
<use>0</use>
<logicalDatatype>LOGDT019</logicalDatatype>
<domain>44B7C0CF-8698-E2B1-7302-11A37DD042BE</domain>
<ownDataTypeParameters>,,</ownDataTypeParameters>
<autoIncrementCycle>false</autoIncrementCycle>
<associations>
<colAssociation fkAssociation="0FE0A474-A030-3CD8-7B7F-34575E4B4B22" referredColumn="454B8E9E-BF0F-31D7-9990-E70AF625F228"/>
</associations>
</Column>
</columns>
<indexes itemClass="oracle.dbtools.crest.model.design.relational.Index">
<ind_PK_UK id="D347DBC6-BA61-1314-F943-E540CDEB85AF" name="cita_PK">
<sourceDDLFile>oracle_ddl.sql</sourceDDLFile>
<createdBy>Rodo</createdBy>
<createdTime>2025-09-16 01:19:22 UTC</createdTime>
<ownerDesignName>Exp2_S5_Rodolfo_Cisterna</ownerDesignName>
<importedID>373E99A2-444A-B071-E10E-F7127F479947</importedID>
<pk>true</pk>
<indexState>Primary Constraint</indexState>
<isSurrogateKey>false</isSurrogateKey>
<indexColumnUsage>
<colUsage columnID="4FC88984-06AA-E9CF-46F0-33F44BF83ECF"/>
</indexColumnUsage>
</ind_PK_UK>
<ind_PK_UK id="BA3F9026-AE9E-78C2-D6DD-04C2BA0313C6" name="ix_cita_paciente">
<sourceDDLFile>oracle_ddl.sql</sourceDDLFile>
<createdBy>Rodo</createdBy>
<createdTime>2025-09-16 01:19:22 UTC</createdTime>
<ownerDesignName>Exp2_S5_Rodolfo_Cisterna</ownerDesignName>
<importedID>45BF83A9-7372-85C3-DC77-2CDDB7F789AB</importedID>
<isSurrogateKey>false</isSurrogateKey>
<indexColumnUsage>
<colUsage columnID="60E420AD-65D3-188F-F3FD-BC090C2670EC"/>
</indexColumnUsage>
</ind_PK_UK>
<ind_PK_UK id="EE59A17B-7362-C3F7-0B52-8AA47AA3CEC6" name="ix_cita_especialidad">
<sourceDDLFile>oracle_ddl.sql</sourceDDLFile>
<createdBy>Rodo</createdBy>
<createdTime>2025-09-16 01:19:22 UTC</createdTime>
<ownerDesignName>Exp2_S5_Rodolfo_Cisterna</ownerDesignName>
<importedID>AFAC72DA-A83D-09B6-F6ED-93F70DD0936D</importedID>
<isSurrogateKey>false</isSurrogateKey>
<indexColumnUsage>
<colUsage columnID="305797F2-3DC0-710C-CA89-D1769CB47B2B"/>
</indexColumnUsage>
</ind_PK_UK>
<ind_PK_UK id="FB03BFD2-589A-D514-4AC6-1D067632A1FD" name="ix_cita_medico">
<sourceDDLFile>oracle_ddl.sql</sourceDDLFile>
<createdBy>Rodo</createdBy>
<createdTime>2025-09-16 01:19:22 UTC</createdTime>
<ownerDesignName>Exp2_S5_Rodolfo_Cisterna</ownerDesignName>
<importedID>9EDBDC68-3945-3CAF-A195-13234BB37BC7</importedID>
<isSurrogateKey>false</isSurrogateKey>
<indexColumnUsage>
<colUsage columnID="D4A6F411-ABCE-DB7F-413F-A058B898BCC5"/>
</indexColumnUsage>
</ind_PK_UK>
<ind_PK_UK id="0EA1870B-C69C-640E-7CF7-574416FDB8CD" name="fk_cita_especialidad">
<createdBy>Rodo</createdBy>
<createdTime>2025-09-16 01:19:22 UTC</createdTime>
<ownerDesignName>Exp2_S5_Rodolfo_Cisterna</ownerDesignName>
<indexState>Foreign Key</indexState>
<isSurrogateKey>false</isSurrogateKey>
<indexColumnUsage>
<colUsage columnID="305797F2-3DC0-710C-CA89-D1769CB47B2B"/>
</indexColumnUsage>
</ind_PK_UK>
<ind_PK_UK id="095A5101-CA9B-4A33-7FE1-E490126FADD6" name="fk_cita_medico">
<createdBy>Rodo</createdBy>
<createdTime>2025-09-16 01:19:22 UTC</createdTime>
<ownerDesignName>Exp2_S5_Rodolfo_Cisterna</ownerDesignName>
<indexState>Foreign Key</indexState>
<isSurrogateKey>false</isSurrogateKey>
<indexColumnUsage>
<colUsage columnID="D4A6F411-ABCE-DB7F-413F-A058B898BCC5"/>
</indexColumnUsage>
</ind_PK_UK>
<ind_PK_UK id="2CC861EF-3CE4-8B83-A417-B3104553DD3C" name="fk_cita_paciente">
<createdBy>Rodo</createdBy>
<createdTime>2025-09-16 01:19:22 UTC</createdTime>
<ownerDesignName>Exp2_S5_Rodolfo_Cisterna</ownerDesignName>
<indexState>Foreign Key</indexState>
<isSurrogateKey>false</isSurrogateKey>
<indexColumnUsage>
<colUsage columnID="60E420AD-65D3-188F-F3FD-BC090C2670EC"/>
</indexColumnUsage>
</ind_PK_UK>
</indexes>
<tableCheckConstraints itemClass="oracle.dbtools.crest.model.design.constraint.TableLevelConstraint">
<tableCheckConstraint name="ck_cita_tipo" directorySegmentName="seg_0" id="D08BD29D-5B01-EA3F-C1A4-4AFBB083AAD2">
<sourceDDLFile>oracle_ddl.sql</sourceDDLFile>
<createdBy>Rodo</createdBy>
<createdTime>2025-09-16 01:19:22 UTC</createdTime>
<ownerDesignName>Exp2_S5_Rodolfo_Cisterna</ownerDesignName>
<importedID>63D35F8D-338E-355A-E0C4-5B157B68D913</importedID>
<rule><![CDATA[tipo_atencion IN ('General','Urgencia','Preventiva')]]></rule>
</tableCheckConstraint>
<tableCheckConstraint name="ck_cita_estado" directorySegmentName="seg_0" id="C971BD08-5E4A-71CF-B160-BCB102944F4D">
<sourceDDLFile>oracle_ddl.sql</sourceDDLFile>
<createdBy>Rodo</createdBy>
<createdTime>2025-09-16 01:19:22 UTC</createdTime>
<ownerDesignName>Exp2_S5_Rodolfo_Cisterna</ownerDesignName>
<importedID>21261B7F-6027-C9D3-F851-3C8973319869</importedID>
<rule><![CDATA[estado IN ('Pendiente','Realizada','Cancelada')]]></rule>
</tableCheckConstraint>
</tableCheckConstraints>
</Table>