<?xml version = '1.0' encoding = 'UTF-8'?>
<Table class="oracle.dbtools.crest.model.design.relational.Table" directorySegmentName="seg_0" id="AA3D9A3E-4207-20E8-9215-2696001B236E" name="EXAMEN">
<sourceDDLFile>oracle_ddl.sql</sourceDDLFile>
<createdBy>Rodo</createdBy>
<createdTime>2025-09-16 01:19:22 UTC</createdTime>
<ownerDesignName>Exp2_S5_Rodolfo_Cisterna</ownerDesignName>
<importedID>8E404242-A65A-B62E-609E-CF1814DDE488</importedID>
<allowColumnReorder>false</allowColumnReorder>
<existDependencyGenerateInDDl>true</existDependencyGenerateInDDl>
<parsed>true</parsed>
<columns itemClass="oracle.dbtools.crest.model.design.relational.Column">
<Column name="id_examen" id="3CD5A7C1-7BB4-3164-47C7-D15AAA926A2C">
<sourceDDLFile>oracle_ddl.sql</sourceDDLFile>
<createdBy>Rodo</createdBy>
<createdTime>2025-09-16 01:19:22 UTC</createdTime>
<ownerDesignName>Exp2_S5_Rodolfo_Cisterna</ownerDesignName>
<importedID>838A6D4B-BF0D-4F3C-3D9E-1BCF58C6E682</importedID>
<use>0</use>
<logicalDatatype>LOGDT019</logicalDatatype>
<domain>44B7C0CF-8698-E2B1-7302-11A37DD042BE</domain>
<ownDataTypeParameters>,,</ownDataTypeParameters>
<autoIncrementColumn>true</autoIncrementColumn>
<identityColumn>true</identityColumn>
<autoIncrementGenerateAlways>true</autoIncrementGenerateAlways>
<autoIncrementCycle>false</autoIncrementCycle>
<autoIncrementOrder>false</autoIncrementOrder>
</Column>
<Column name="nombre" id="1A25022F-B0AA-1D1E-2E4C-26DAAA1C4D7C">
<sourceDDLFile>oracle_ddl.sql</sourceDDLFile>
<createdBy>Rodo</createdBy>
<createdTime>2025-09-16 01:19:22 UTC</createdTime>
<ownerDesignName>Exp2_S5_Rodolfo_Cisterna</ownerDesignName>
<importedID>01856EFB-6366-3958-9744-375A333B9675</importedID>
<use>0</use>
<logicalDatatype>LOGDT024</logicalDatatype>
<domain>E193F780-80D9-6E51-E008-FAFE6F37B1C1</domain>
<ownDataTypeParameters>,,</ownDataTypeParameters>
<autoIncrementCycle>false</autoIncrementCycle>
</Column>
<Column name="tipo_muestra" id="96391EC0-D1E2-C094-87ED-54D842A00AAA">
<sourceDDLFile>oracle_ddl.sql</sourceDDLFile>
<createdBy>Rodo</createdBy>
<createdTime>2025-09-16 01:19:22 UTC</createdTime>
<ownerDesignName>Exp2_S5_Rodolfo_Cisterna</ownerDesignName>
<importedID>92DEDF3A-489F-D156-3E0F-C7552C2F9336</importedID>
<nullsAllowed>true</nullsAllowed>
<use>0</use>
<logicalDatatype>LOGDT024</logicalDatatype>
<domain>34C7AF18-F307-593B-2897-51141D24F050</domain>
<ownDataTypeParameters>,,</ownDataTypeParameters>
<autoIncrementCycle>false</autoIncrementCycle>
</Column>
<Column name="condiciones" id="8258B336-3476-1B81-D023-68B6EA351156">
<sourceDDLFile>oracle_ddl.sql</sourceDDLFile>
<createdBy>Rodo</createdBy>
<createdTime>2025-09-16 01:19:22 UTC</createdTime>
<ownerDesignName>Exp2_S5_Rodolfo_Cisterna</ownerDesignName>
<importedID>CDC19A43-BF49-A16B-3A3C-1AF63850C463</importedID>
<nullsAllowed>true</nullsAllowed>
<use>0</use>
<logicalDatatype>LOGDT024</logicalDatatype>
<domain>74B29836-83CC-EDCB-0A43-5480FA9849ED</domain>
<ownDataTypeParameters>,,</ownDataTypeParameters>
<autoIncrementCycle>false</autoIncrementCycle>
</Column>
</columns>
<indexes itemClass="oracle.dbtools.crest.model.design.relational.Index">
<ind_PK_UK id="73DCBF13-CD54-3367-EE59-9466F4BE8E19" name="examen_PK">
<sourceDDLFile>oracle_ddl.sql</sourceDDLFile>
<createdBy>Rodo</createdBy>
<createdTime>2025-09-16 01:19:22 UTC</createdTime>
<ownerDesignName>Exp2_S5_Rodolfo_Cisterna</ownerDesignName>
<importedID>BF5DFE25-B16D-0B58-FDA6-7B3962F5D192</importedID>
<pk>true</pk>
<indexState>Primary Constraint</indexState>
<isSurrogateKey>false</isSurrogateKey>
<indexColumnUsage>
<colUsage columnID="3CD5A7C1-7BB4-3164-47C7-D15AAA926A2C"/>
</indexColumnUsage>
</ind_PK_UK>
<ind_PK_UK id="3BDC4DA8-F2B1-B942-D5D1-01CDDABE020B" name="uq_examen_nombre">
<sourceDDLFile>oracle_ddl.sql</sourceDDLFile>
<createdBy>Rodo</createdBy>
<createdTime>2025-09-16 01:19:22 UTC</createdTime>
<ownerDesignName>Exp2_S5_Rodolfo_Cisterna</ownerDesignName>
<importedID>A9CBBAA1-9C08-D614-F377-79E53E147E8D</importedID>
<indexState>Unique Constraint</indexState>
<isSurrogateKey>false</isSurrogateKey>
<indexColumnUsage>
<colUsage columnID="1A25022F-B0AA-1D1E-2E4C-26DAAA1C4D7C"/>
</indexColumnUsage>
</ind_PK_UK>
</indexes>
</Table>