<?xml version = '1.0' encoding = 'UTF-8'?>
<Table class="oracle.dbtools.crest.model.design.relational.Table" directorySegmentName="seg_0" id="C560E253-C241-D6AB-7FF7-CADF8E04BB26" name="ATENCION_EXAMEN">
<sourceDDLFile>oracle_ddl.sql</sourceDDLFile>
<createdBy>Rodo</createdBy>
<createdTime>2025-09-16 01:19:21 UTC</createdTime>
<ownerDesignName>Exp2_S5_Rodolfo_Cisterna</ownerDesignName>
<importedID>08E4AE9E-C19A-BE24-1392-F2C369020D49</importedID>
<allowColumnReorder>false</allowColumnReorder>
<existDependencyGenerateInDDl>true</existDependencyGenerateInDDl>
<parsed>true</parsed>
<columns itemClass="oracle.dbtools.crest.model.design.relational.Column">
<Column name="id_atencion" id="462EFD42-D7C3-7283-4661-3FBB2088DFCC">
<sourceDDLFile>oracle_ddl.sql</sourceDDLFile>
<createdBy>Rodo</createdBy>
<createdTime>2025-09-16 01:19:22 UTC</createdTime>
<ownerDesignName>Exp2_S5_Rodolfo_Cisterna</ownerDesignName>
<importedID>3979F076-31BB-79C2-056D-1B21D3599CF2</importedID>
<use>0</use>
<logicalDatatype>LOGDT019</logicalDatatype>
<domain>44B7C0CF-8698-E2B1-7302-11A37DD042BE</domain>
<ownDataTypeParameters>,,</ownDataTypeParameters>
<autoIncrementCycle>false</autoIncrementCycle>
<associations>
<colAssociation fkAssociation="37E4A705-BCB4-183D-1C77-8213748AF522" referredColumn="CF4E12C8-2147-9A67-6C92-27DF228BED2A"/>
</associations>
</Column>
<Column name="id_examen" id="5E772B53-38D4-6072-9A29-08F1882ED34D">
<sourceDDLFile>oracle_ddl.sql</sourceDDLFile>
<createdBy>Rodo</createdBy>
<createdTime>2025-09-16 01:19:22 UTC</createdTime>
<ownerDesignName>Exp2_S5_Rodolfo_Cisterna</ownerDesignName>
<importedID>58A1D405-F0A6-11FD-4C67-1CAC16EB2823</importedID>
<use>0</use>
<logicalDatatype>LOGDT019</logicalDatatype>
<domain>44B7C0CF-8698-E2B1-7302-11A37DD042BE</domain>
<ownDataTypeParameters>,,</ownDataTypeParameters>
<autoIncrementCycle>false</autoIncrementCycle>
<associations>
<colAssociation fkAssociation="1C456EA2-89A1-F3E7-F36E-5EBB2E52DBC2" referredColumn="3CD5A7C1-7BB4-3164-47C7-D15AAA926A2C"/>
</associations>
</Column>
<Column name="fecha_solicitud" id="3B30A7E0-3272-2DFC-3510-D8CB19572D0A">
<sourceDDLFile>oracle_ddl.sql</sourceDDLFile>
<createdBy>Rodo</createdBy>
<createdTime>2025-09-16 01:19:22 UTC</createdTime>
<ownerDesignName>Exp2_S5_Rodolfo_Cisterna</ownerDesignName>
<importedID>CA5579BA-E818-8D9B-8E74-4689D6CFE728</importedID>
<use>0</use>
<logicalDatatype>LOGDT007</logicalDatatype>
<domain>098F2674-06C1-9DB5-2589-A4968336C2CA</domain>
<ownDataTypeParameters>,,</ownDataTypeParameters>
<autoIncrementCycle>false</autoIncrementCycle>
</Column>
<Column name="fecha_resultado" id="FCF2855B-71C2-3444-A1E8-AA0E30CFB2A3">
<sourceDDLFile>oracle_ddl.sql</sourceDDLFile>
<createdBy>Rodo</createdBy>
<createdTime>2025-09-16 01:19:22 UTC</createdTime>
<ownerDesignName>Exp2_S5_Rodolfo_Cisterna</ownerDesignName>
<importedID>13B59668-4DE8-33B1-4F6A-CB9A8408D4C4</importedID>
<nullsAllowed>true</nullsAllowed>
<use>0</use>
<logicalDatatype>LOGDT007</logicalDatatype>
<domain>098F2674-06C1-9DB5-2589-A4968336C2CA</domain>
<ownDataTypeParameters>,,</ownDataTypeParameters>
<autoIncrementCycle>false</autoIncrementCycle>
</Column>
<Column name="resultado" id="B0DBB00B-FEBC-872B-796A-5EF6754957DF">
<sourceDDLFile>oracle_ddl.sql</sourceDDLFile>
<createdBy>Rodo</createdBy>
<createdTime>2025-09-16 01:19:22 UTC</createdTime>
<ownerDesignName>Exp2_S5_Rodolfo_Cisterna</ownerDesignName>
<importedID>6786EB4F-320E-9C0A-A7C0-1CFFBE09F77F</importedID>
<nullsAllowed>true</nullsAllowed>
<use>0</use>
<logicalDatatype>LOGDT028</logicalDatatype>
<domain>BBBC4F0A-1102-2F9E-9C20-B12BC2B83096</domain>
<ownDataTypeParameters>,,</ownDataTypeParameters>
<autoIncrementCycle>false</autoIncrementCycle>
</Column>
<Column name="id_medico_solicitante" id="BB923331-D3DE-8F87-5158-B77A0D342B6F">
<sourceDDLFile>oracle_ddl.sql</sourceDDLFile>
<createdBy>Rodo</createdBy>
<createdTime>2025-09-16 01:19:22 UTC</createdTime>
<ownerDesignName>Exp2_S5_Rodolfo_Cisterna</ownerDesignName>
<importedID>B99EB0EA-61E5-D988-D796-71F45D1D7D50</importedID>
<nullsAllowed>true</nullsAllowed>
<use>0</use>
<logicalDatatype>LOGDT019</logicalDatatype>
<domain>44B7C0CF-8698-E2B1-7302-11A37DD042BE</domain>
<ownDataTypeParameters>,,</ownDataTypeParameters>
<autoIncrementCycle>false</autoIncrementCycle>
<associations>
<colAssociation fkAssociation="253F46A7-36B8-D626-870D-81E8DD87B2D8" referredColumn="454B8E9E-BF0F-31D7-9990-E70AF625F228"/>
</associations>
</Column>
</columns>
<indexes itemClass="oracle.dbtools.crest.model.design.relational.Index">
<ind_PK_UK id="C910C21A-9E47-76BE-BF0E-8E4B4475E2B2" name="pk_atencion_examen">
<sourceDDLFile>oracle_ddl.sql</sourceDDLFile>
<createdBy>Rodo</createdBy>
<createdTime>2025-09-16 01:19:22 UTC</createdTime>
<ownerDesignName>Exp2_S5_Rodolfo_Cisterna</ownerDesignName>
<importedID>0ED93296-867B-CE3A-C1ED-5FDFF3DA5E28</importedID>
<pk>true</pk>
<indexState>Primary Constraint</indexState>
<isSurrogateKey>false</isSurrogateKey>
<indexColumnUsage>
<colUsage columnID="462EFD42-D7C3-7283-4661-3FBB2088DFCC"/>
<colUsage columnID="5E772B53-38D4-6072-9A29-08F1882ED34D"/>
<colUsage columnID="3B30A7E0-3272-2DFC-3510-D8CB19572D0A"/>
</indexColumnUsage>
</ind_PK_UK>
<ind_PK_UK id="8E25C705-9DEC-25D8-661E-6BE47AF54712" name="ix_ax_examen">
<sourceDDLFile>oracle_ddl.sql</sourceDDLFile>
<createdBy>Rodo</createdBy>
<createdTime>2025-09-16 01:19:22 UTC</createdTime>
<ownerDesignName>Exp2_S5_Rodolfo_Cisterna</ownerDesignName>
<importedID>2849F5E1-7765-708E-5858-986C6D848C94</importedID>
<isSurrogateKey>false</isSurrogateKey>
<indexColumnUsage>
<colUsage columnID="5E772B53-38D4-6072-9A29-08F1882ED34D"/>
</indexColumnUsage>
</ind_PK_UK>
<ind_PK_UK id="07675584-CACB-D069-D5B8-F47BABC4A032" name="fk_ax_atencion">
<createdBy>Rodo</createdBy>
<createdTime>2025-09-16 01:19:22 UTC</createdTime>
<ownerDesignName>Exp2_S5_Rodolfo_Cisterna</ownerDesignName>
<indexState>Foreign Key</indexState>
<isSurrogateKey>false</isSurrogateKey>
<indexColumnUsage>
<colUsage columnID="462EFD42-D7C3-7283-4661-3FBB2088DFCC"/>
</indexColumnUsage>
</ind_PK_UK>
<ind_PK_UK id="6FB75227-47DE-4797-FDF0-F7573C1FE40D" name="fk_ax_examen">
<createdBy>Rodo</createdBy>
<createdTime>2025-09-16 01:19:22 UTC</createdTime>
<ownerDesignName>Exp2_S5_Rodolfo_Cisterna</ownerDesignName>
<indexState>Foreign Key</indexState>
<isSurrogateKey>false</isSurrogateKey>
<indexColumnUsage>
<colUsage columnID="5E772B53-38D4-6072-9A29-08F1882ED34D"/>
</indexColumnUsage>
</ind_PK_UK>
<ind_PK_UK id="C203E078-B08B-EFAA-2909-49C61E4200B8" name="fk_ax_med_sol">
<createdBy>Rodo</createdBy>
<createdTime>2025-09-16 01:19:22 UTC</createdTime>
<ownerDesignName>Exp2_S5_Rodolfo_Cisterna</ownerDesignName>
<indexState>Foreign Key</indexState>
<isSurrogateKey>false</isSurrogateKey>
<indexColumnUsage>
<colUsage columnID="BB923331-D3DE-8F87-5158-B77A0D342B6F"/>
</indexColumnUsage>
</ind_PK_UK>
</indexes>
<tableCheckConstraints itemClass="oracle.dbtools.crest.model.design.constraint.TableLevelConstraint">
<tableCheckConstraint name="ck_ax_fechas" directorySegmentName="seg_0" id="9D72801A-4FDD-E10C-6091-1EC8B9AD327A">
<sourceDDLFile>oracle_ddl.sql</sourceDDLFile>
<createdBy>Rodo</createdBy>
<createdTime>2025-09-16 01:19:22 UTC</createdTime>
<ownerDesignName>Exp2_S5_Rodolfo_Cisterna</ownerDesignName>
<importedID>D8712DC8-0BFC-FFEB-EAC2-7E9FF3188EAF</importedID>
<rule><![CDATA[fecha_resultado IS NULL OR fecha_resultado >= fecha_solicitud]]></rule>
</tableCheckConstraint>
</tableCheckConstraints>
</Table>