<?xml version = '1.0' encoding = 'UTF-8'?>
<Table class="oracle.dbtools.crest.model.design.relational.Table" directorySegmentName="seg_0" id="D00C6028-7AAA-1C52-FCA3-C0D393E3F03E" name="AFP">
<sourceDDLFile>oracle_ddl.sql</sourceDDLFile>
<createdBy>Rodo</createdBy>
<createdTime>2025-09-16 01:19:21 UTC</createdTime>
<ownerDesignName>Exp2_S5_Rodolfo_Cisterna</ownerDesignName>
<importedID>CB5747BF-A7D4-80FF-AC33-E4E094CD2EBD</importedID>
<allowColumnReorder>false</allowColumnReorder>
<existDependencyGenerateInDDl>true</existDependencyGenerateInDDl>
<parsed>true</parsed>
<columns itemClass="oracle.dbtools.crest.model.design.relational.Column">
<Column name="id_afp" id="1DE71F48-3794-27AA-3BEB-AA3F1A5EE717">
<sourceDDLFile>oracle_ddl.sql</sourceDDLFile>
<createdBy>Rodo</createdBy>
<createdTime>2025-09-16 01:19:22 UTC</createdTime>
<ownerDesignName>Exp2_S5_Rodolfo_Cisterna</ownerDesignName>
<importedID>69674FBE-6D54-7960-FB92-2DAB6C11D0D5</importedID>
<use>0</use>
<logicalDatatype>LOGDT019</logicalDatatype>
<domain>44B7C0CF-8698-E2B1-7302-11A37DD042BE</domain>
<ownDataTypeParameters>,,</ownDataTypeParameters>
<autoIncrementColumn>true</autoIncrementColumn>
<identityColumn>true</identityColumn>
<autoIncrementGenerateAlways>true</autoIncrementGenerateAlways>
<autoIncrementCycle>false</autoIncrementCycle>
<autoIncrementOrder>false</autoIncrementOrder>
</Column>
<Column name="codigo" id="537C285D-6C2E-0504-3DB3-176CDF0CBAB2">
<sourceDDLFile>oracle_ddl.sql</sourceDDLFile>
<createdBy>Rodo</createdBy>
<createdTime>2025-09-16 01:19:22 UTC</createdTime>
<ownerDesignName>Exp2_S5_Rodolfo_Cisterna</ownerDesignName>
<importedID>C3499F91-F9D9-3631-B9E6-6C0519ABA4BB</importedID>
<use>0</use>
<logicalDatatype>LOGDT024</logicalDatatype>
<domain>2867CE0C-866C-C428-1F93-30B5C6D8156A</domain>
<ownDataTypeParameters>,,</ownDataTypeParameters>
<autoIncrementCycle>false</autoIncrementCycle>
</Column>
<Column name="nombre" id="17240241-D611-152A-E513-375F3257A5A0">
<sourceDDLFile>oracle_ddl.sql</sourceDDLFile>
<createdBy>Rodo</createdBy>
<createdTime>2025-09-16 01:19:22 UTC</createdTime>
<ownerDesignName>Exp2_S5_Rodolfo_Cisterna</ownerDesignName>
<importedID>93F6A5E7-99D4-C816-2FDC-CAF7B2D9B9FF</importedID>
<use>0</use>
<logicalDatatype>LOGDT024</logicalDatatype>
<domain>2BC6F92C-9B33-F82B-1481-8EE71CD2C037</domain>
<ownDataTypeParameters>,,</ownDataTypeParameters>
<autoIncrementCycle>false</autoIncrementCycle>
</Column>
</columns>
<indexes itemClass="oracle.dbtools.crest.model.design.relational.Index">
<ind_PK_UK id="319FC66B-7C01-BE81-1599-A096DA0E04A7" name="afp_PK">
<sourceDDLFile>oracle_ddl.sql</sourceDDLFile>
<createdBy>Rodo</createdBy>
<createdTime>2025-09-16 01:19:22 UTC</createdTime>
<ownerDesignName>Exp2_S5_Rodolfo_Cisterna</ownerDesignName>
<importedID>10CA69CD-6D3F-36EE-5461-B026ECFBECB6</importedID>
<pk>true</pk>
<indexState>Primary Constraint</indexState>
<isSurrogateKey>false</isSurrogateKey>
<indexColumnUsage>
<colUsage columnID="1DE71F48-3794-27AA-3BEB-AA3F1A5EE717"/>
</indexColumnUsage>
</ind_PK_UK>
<ind_PK_UK id="9749761C-BE69-02F2-D781-9FC2DBB351EF" name="uq_afp_codigo">
<sourceDDLFile>oracle_ddl.sql</sourceDDLFile>
<createdBy>Rodo</createdBy>
<createdTime>2025-09-16 01:19:22 UTC</createdTime>
<ownerDesignName>Exp2_S5_Rodolfo_Cisterna</ownerDesignName>
<importedID>95C10B14-8C15-6C69-FB06-38CD5DD9F170</importedID>
<indexState>Unique Constraint</indexState>
<isSurrogateKey>false</isSurrogateKey>
<indexColumnUsage>
<colUsage columnID="537C285D-6C2E-0504-3DB3-176CDF0CBAB2"/>
</indexColumnUsage>
</ind_PK_UK>
<ind_PK_UK id="C15BF482-F763-1661-2E6D-3E6961226B54" name="uq_afp_nombre">
<sourceDDLFile>oracle_ddl.sql</sourceDDLFile>
<createdBy>Rodo</createdBy>
<createdTime>2025-09-16 01:19:22 UTC</createdTime>
<ownerDesignName>Exp2_S5_Rodolfo_Cisterna</ownerDesignName>
<importedID>E56A1F31-3214-ABB9-19FC-C1A707252415</importedID>
<indexState>Unique Constraint</indexState>
<isSurrogateKey>false</isSurrogateKey>
<indexColumnUsage>
<colUsage columnID="17240241-D611-152A-E513-375F3257A5A0"/>
</indexColumnUsage>
</ind_PK_UK>
</indexes>
</Table>