<?xml version = '1.0' encoding = 'UTF-8'?>
<relationalModel class="oracle.dbtools.crest.model.design.relational.RelationalDesign" name="Relational" id="F19B4A6A-0A71-24FD-CF64-D9B946BF9E5F" mainViewID="8B2EA644-5B4B-8457-AF03-56CC9830D981">
<createdBy>Rodo</createdBy>
<createdTime>2025-09-16 01:17:50 UTC</createdTime>
<ownerDesignName>Exp2_S5_Rodolfo_Cisterna</ownerDesignName>
<shouldBeOpen>false</shouldBeOpen>
<selectedRDBMSSite>01F6E6D1-21D0-CFBD-ABDD-3988D1813575</selectedRDBMSSite>
<importDDLFileStamps>
<importDDLFileStamp class="oracle.dbtools.crest.imports.DDLFileStamp">
<fileName>oracle_ddl.sql</fileName>
<pathName>C:\Users\Rodo\Desktop</pathName>
<dbType>17</dbType>
</importDDLFileStamp>
</importDDLFileStamps>
</relationalModel>