<?xml version = '1.0' encoding = 'UTF-8'?>
<Diagram class="oracle.dbtools.crest.swingui.logical.DPVLogicalSubView" name="Logical - SubView_1" id="255D423B-EC82-CBD4-8CC9-649CE0DCD7BC">
<createdBy>Rodo</createdBy>
<modifiedBy>Rodo</modifiedBy>
<createdTime>2025-09-02 02:33:09 UTC</createdTime>
<autoRoute>false</autoRoute>
<boxInbox>true</boxInbox>
<showLegend>false</showLegend>
<showLabels>false</showLabels>
<showRelAttributes>false</showRelAttributes>
<gridEnabled>false</gridEnabled>
<showGrid>false</showGrid>
<diagramColor>-1</diagramColor>
<display>false</display>
<notation>1</notation>
<objectViews>
<OView class="oracle.dbtools.crest.swingui.logical.TVEntity" oid="5BD9AA91-AAF3-87DD-3E18-3F94ABB1B9C6" otype="Entity" vid="1596C3E1-D9B0-7A0E-6E1E-D28B9FB5D6DD">
<hideElementsInCurrentOnly>false</hideElementsInCurrentOnly>
<bounds x="657" y="30" width="122" height="90"/>
</OView>
</objectViews>
</Diagram>