<?xml version = '1.0' encoding = 'UTF-8'?>
<Diagram class="oracle.dbtools.crest.swingui.logical.DPVLogical" name="Logical" id="9B19485D-88A2-F7DF-C9FE-795562867C9C">
<createdBy>Rodo</createdBy>
<modifiedBy>Rodo</modifiedBy>
<createdTime>2025-09-02 01:56:34 UTC</createdTime>
<autoRoute>true</autoRoute>
<boxInbox>false</boxInbox>
<showLegend>false</showLegend>
<showLabels>false</showLabels>
<showRelAttributes>false</showRelAttributes>
<gridEnabled>false</gridEnabled>
<showGrid>false</showGrid>
<diagramColor>-1</diagramColor>
<display>false</display>
<notation>0</notation>
<objectViews>
<OView class="oracle.dbtools.crest.swingui.logical.TVEntity" oid="08F12A1A-FE8B-79EF-2BF7-86C755407D33" otype="Entity" vid="7172DCE0-9B99-66F3-CA0D-5F38C88E64C7">
<hideElementsInCurrentOnly>false</hideElementsInCurrentOnly>
<bounds x="20" y="242" width="320" height="186"/>
</OView>
<OView class="oracle.dbtools.crest.swingui.logical.TVEntity" oid="0B7272D7-C103-649C-B9E8-F98B46543705" otype="Entity" vid="A17E3977-9C66-98B5-F29F-1B5A7C5DF313">
<hideElementsInCurrentOnly>false</hideElementsInCurrentOnly>
<bounds x="768" y="373" width="237" height="74"/>
</OView>
<OView class="oracle.dbtools.crest.swingui.logical.TVEntity" oid="0EB8AD10-F1EB-9AE3-436F-AB29B43FEE6C" otype="Entity" vid="2D08C50F-DD99-5351-2148-D65D6865B3C6">
<hideElementsInCurrentOnly>false</hideElementsInCurrentOnly>
<bounds x="7" y="19" width="211" height="130"/>
</OView>
<OView class="oracle.dbtools.crest.swingui.logical.TVEntity" oid="56D5ADC4-45AF-BAD0-C3CB-5718FC5BF2A1" otype="Entity" vid="4CD77D1B-3EEF-D758-AB22-DCEF7722CD32">
<hideElementsInCurrentOnly>false</hideElementsInCurrentOnly>
<bounds x="465" y="211" width="252" height="130"/>
</OView>
<OView class="oracle.dbtools.crest.swingui.logical.TVEntity" oid="59B80573-C138-94A2-FC5B-B3FB3A855CE8" otype="Entity" vid="B78E3AA4-A808-C0ED-9EEB-C27EDAF3476B">
<hideElementsInCurrentOnly>false</hideElementsInCurrentOnly>
<bounds x="485" y="99" width="204" height="54"/>
</OView>
<OView class="oracle.dbtools.crest.swingui.logical.TVEntity" oid="5BD9AA91-AAF3-87DD-3E18-3F94ABB1B9C6" otype="Entity" vid="CDF2C660-591D-C385-5752-06C3A3B7F268">
<hideElementsInCurrentOnly>false</hideElementsInCurrentOnly>
<bounds x="779" y="500" width="176" height="54"/>
</OView>
<OView class="oracle.dbtools.crest.swingui.logical.TVEntity" oid="799A4282-1A5C-9F01-257D-2DECC1B90A5F" otype="Entity" vid="49CA51AC-8FE6-943E-FD9D-BB4CA61136FE">
<hideElementsInCurrentOnly>false</hideElementsInCurrentOnly>
<bounds x="767" y="155" width="244" height="186"/>
</OView>
<OView class="oracle.dbtools.crest.swingui.logical.TVEntity" oid="7CC67D70-274E-56BC-EF24-0B3C94E0032C" otype="Entity" vid="48E555F0-B00E-2C6B-4D2E-7BAFF074934C">
<hideElementsInCurrentOnly>false</hideElementsInCurrentOnly>
<bounds x="325" y="491" width="209" height="130"/>
</OView>
<OView class="oracle.dbtools.crest.swingui.logical.TVEntity" oid="8FEB1758-8E95-ADF2-8091-065B8C4D2385" otype="Entity" vid="F2450F05-9E2E-0E5C-DEE4-0C63BF43A3F1">
<hideElementsInCurrentOnly>false</hideElementsInCurrentOnly>
<bounds x="483" y="360" width="210" height="130"/>
</OView>
<OView class="oracle.dbtools.crest.swingui.logical.TVEntity" oid="93C85EC6-9A48-29C5-69F8-9E7FDCB50251" otype="Entity" vid="2585B514-D94C-0307-4A5B-C20DEBB149ED">
<hideElementsInCurrentOnly>false</hideElementsInCurrentOnly>
<bounds x="734" y="12" width="211" height="96"/>
</OView>
<OView class="oracle.dbtools.crest.swingui.logical.TVEntity" oid="F9ADAA0C-5398-6978-F2AD-DB64885C6B4B" otype="Entity" vid="60834C3D-2945-87D5-4865-06C7DA0467A0">
<hideElementsInCurrentOnly>false</hideElementsInCurrentOnly>
<bounds x="10" y="448" width="234" height="172"/>
</OView>
<OView class="oracle.dbtools.crest.swingui.logical.TVEntity" oid="FB2457C8-BD25-F778-FF18-E46F7655745E" otype="Entity" vid="E99421AC-3BF2-82AF-0EE5-73AE72E9C141">
<hideElementsInCurrentOnly>false</hideElementsInCurrentOnly>
<bounds x="226" y="132" width="212" height="102"/>
</OView>
</objectViews>
<connectors>
<Connector class="oracle.dbtools.crest.swingui.logical.TVRelation" oid="181D0B23-55A2-326F-97B5-EE731EE7D372" otype="Relation" vid_source="E99421AC-3BF2-82AF-0EE5-73AE72E9C141" vid_target="4CD77D1B-3EEF-D758-AB22-DCEF7722CD32">
<hideElementsInCurrentOnly>false</hideElementsInCurrentOnly>
<backgroundColor>-16777216</backgroundColor>
<lineWidth>1</lineWidth>
<points>
<point x="438" y="183"/>
<point x="451" y="183"/>
<point x="451" y="276"/>
<point x="465" y="276"/>
</points>
</Connector>
<Connector class="oracle.dbtools.crest.swingui.logical.TVRelation" oid="3D5F4CFC-FB8F-BE89-9F05-433BF7C02757" otype="Relation" vid_source="E99421AC-3BF2-82AF-0EE5-73AE72E9C141" vid_target="2D08C50F-DD99-5351-2148-D65D6865B3C6">
<hideElementsInCurrentOnly>false</hideElementsInCurrentOnly>
<backgroundColor>-16777216</backgroundColor>
<lineWidth>1</lineWidth>
<points>
<point x="226" y="183"/>
<point x="212" y="183"/>
<point x="212" y="94"/>
<point x="218" y="94"/>
</points>
</Connector>
<Connector class="oracle.dbtools.crest.swingui.logical.TVRelation" oid="455FF852-93A6-C845-5851-06429A14DE01" otype="Relation" vid_source="2585B514-D94C-0307-4A5B-C20DEBB149ED" vid_target="2585B514-D94C-0307-4A5B-C20DEBB149ED">
<hideElementsInCurrentOnly>false</hideElementsInCurrentOnly>
<backgroundColor>-16777216</backgroundColor>
<lineWidth>1</lineWidth>
<points>
<point x="945" y="68"/>
<point x="970" y="68"/>
<point x="970" y="133"/>
<point x="858" y="133"/>
<point x="858" y="108"/>
</points>
</Connector>
<Connector class="oracle.dbtools.crest.swingui.logical.TVRelation" oid="5AEFF02C-7941-57C6-D55A-4FDAD94D7ED2" otype="Relation" vid_source="60834C3D-2945-87D5-4865-06C7DA0467A0" vid_target="7172DCE0-9B99-66F3-CA0D-5F38C88E64C7">
<hideElementsInCurrentOnly>false</hideElementsInCurrentOnly>
<backgroundColor>-16777216</backgroundColor>
<lineWidth>1</lineWidth>
<points>
<point x="127" y="448"/>
<point x="127" y="431"/>
<point x="180" y="431"/>
<point x="180" y="428"/>
</points>
</Connector>
<Connector class="oracle.dbtools.crest.swingui.logical.TVInheritanceRelation" oid="6B34A33F-AEF9-7D57-D98C-6845202D70EC" otype="Hierarchy relation" vid_source="2D08C50F-DD99-5351-2148-D65D6865B3C6" vid_target="B78E3AA4-A808-C0ED-9EEB-C27EDAF3476B">
<hideElementsInCurrentOnly>false</hideElementsInCurrentOnly>
<backgroundColor>-65536</backgroundColor>
<lineWidth>1</lineWidth>
<points>
<point x="218" y="84"/>
<point x="351" y="84"/>
<point x="351" y="126"/>
<point x="485" y="126"/>
</points>
</Connector>
<Connector class="oracle.dbtools.crest.swingui.logical.TVInheritanceRelation" oid="7ADCAD8C-140C-189E-EC2C-EA28DE39C859" otype="Hierarchy relation" vid_source="F2450F05-9E2E-0E5C-DEE4-0C63BF43A3F1" vid_target="A17E3977-9C66-98B5-F29F-1B5A7C5DF313">
<hideElementsInCurrentOnly>false</hideElementsInCurrentOnly>
<backgroundColor>-65536</backgroundColor>
<lineWidth>1</lineWidth>
<points>
<point x="693" y="415"/>
<point x="730" y="415"/>
<point x="730" y="410"/>
<point x="768" y="410"/>
</points>
</Connector>
<Connector class="oracle.dbtools.crest.swingui.logical.TVRelation" oid="892B437B-5131-32E7-0857-0EEFB67737A3" otype="Relation" vid_source="F2450F05-9E2E-0E5C-DEE4-0C63BF43A3F1" vid_target="49CA51AC-8FE6-943E-FD9D-BB4CA61136FE">
<hideElementsInCurrentOnly>false</hideElementsInCurrentOnly>
<backgroundColor>-16777216</backgroundColor>
<lineWidth>1</lineWidth>
<points>
<point x="693" y="435"/>
<point x="720" y="435"/>
<point x="720" y="238"/>
<point x="767" y="238"/>
</points>
</Connector>
<Connector class="oracle.dbtools.crest.swingui.logical.TVRelation" oid="8ADC16FE-81CC-2CFF-E37A-56634352B04A" otype="Relation" vid_source="48E555F0-B00E-2C6B-4D2E-7BAFF074934C" vid_target="60834C3D-2945-87D5-4865-06C7DA0467A0">
<hideElementsInCurrentOnly>false</hideElementsInCurrentOnly>
<backgroundColor>-16777216</backgroundColor>
<lineWidth>1</lineWidth>
<points>
<point x="325" y="556"/>
<point x="272" y="556"/>
<point x="272" y="534"/>
<point x="244" y="534"/>
</points>
</Connector>
<Connector class="oracle.dbtools.crest.swingui.logical.TVInheritanceRelation" oid="B3DF0E4D-03A3-355F-1E37-AA3C45A6451B" otype="Hierarchy relation" vid_source="2D08C50F-DD99-5351-2148-D65D6865B3C6" vid_target="2585B514-D94C-0307-4A5B-C20DEBB149ED">
<hideElementsInCurrentOnly>false</hideElementsInCurrentOnly>
<backgroundColor>-65536</backgroundColor>
<lineWidth>1</lineWidth>
<points>
<point x="218" y="74"/>
<point x="476" y="74"/>
<point x="476" y="60"/>
<point x="734" y="60"/>
</points>
</Connector>
<Connector class="oracle.dbtools.crest.swingui.logical.TVRelation" oid="CDD3E5B8-3541-1A0B-E39A-81664FEA4DF7" otype="Relation" vid_source="4CD77D1B-3EEF-D758-AB22-DCEF7722CD32" vid_target="49CA51AC-8FE6-943E-FD9D-BB4CA61136FE">
<hideElementsInCurrentOnly>false</hideElementsInCurrentOnly>
<backgroundColor>-16777216</backgroundColor>
<lineWidth>1</lineWidth>
<points>
<point x="717" y="276"/>
<point x="732" y="276"/>
<point x="732" y="258"/>
<point x="767" y="258"/>
</points>
</Connector>
<Connector class="oracle.dbtools.crest.swingui.logical.TVInheritanceRelation" oid="D0B5C884-48EA-FBDC-A0D0-12E6F3B5DF89" otype="Hierarchy relation" vid_source="F2450F05-9E2E-0E5C-DEE4-0C63BF43A3F1" vid_target="CDF2C660-591D-C385-5752-06C3A3B7F268">
<hideElementsInCurrentOnly>false</hideElementsInCurrentOnly>
<backgroundColor>-65536</backgroundColor>
<lineWidth>1</lineWidth>
<points>
<point x="693" y="425"/>
<point x="736" y="425"/>
<point x="736" y="527"/>
<point x="779" y="527"/>
</points>
</Connector>
<Connector class="oracle.dbtools.crest.swingui.logical.TVRelation" oid="F9A2844A-FF47-4FF7-5149-79648083C650" otype="Relation" vid_source="F2450F05-9E2E-0E5C-DEE4-0C63BF43A3F1" vid_target="7172DCE0-9B99-66F3-CA0D-5F38C88E64C7">
<hideElementsInCurrentOnly>false</hideElementsInCurrentOnly>
<backgroundColor>-16777216</backgroundColor>
<lineWidth>1</lineWidth>
<points>
<point x="483" y="425"/>
<point x="356" y="425"/>
<point x="356" y="335"/>
<point x="340" y="335"/>
</points>
</Connector>
</connectors>
<arcs>
<Arc class="oracle.dbtools.crest.swingui.logical.TVArc" oid="F38A2276-2CBD-D56D-7A29-F4C3AF7C9AE9" otype="Arc" vid="1F74BE1F-4D08-0233-819E-3383F9367388">
<hideElementsInCurrentOnly>false</hideElementsInCurrentOnly>
<bounds x="-13" y="-1" width="251" height="170"/>
</Arc>
</arcs>
</Diagram>