<?xml version = '1.0' encoding = 'UTF-8'?>
<Arc class="oracle.dbtools.crest.model.design.logical.Arc" directorySegmentName="seg_0" id="F38A2276-2CBD-D56D-7A29-F4C3AF7C9AE9" name="Arc_1">
<createdBy>Rodo</createdBy>
<createdTime>2025-09-02 02:53:00 UTC</createdTime>
<ownerDesignName>Sum1_RodolfoCisterna</ownerDesignName>
<engineerTo>
<item key="4E46B517-CE72-1FBB-6F65-E135CEBA230D" value="true"/>
</engineerTo>
<entity>0EB8AD10-F1EB-9AE3-436F-AB29B43FEE6C</entity>
<relations>
<relationID>6B34A33F-AEF9-7D57-D98C-6845202D70EC</relationID>
<relationID>B3DF0E4D-03A3-355F-1E37-AA3C45A6451B</relationID>
</relations>
</Arc>