<?xml version = '1.0' encoding = 'UTF-8'?>
<relationalModel class="oracle.dbtools.crest.model.design.relational.RelationalDesign" name="Relational_1" id="4E46B517-CE72-1FBB-6F65-E135CEBA230D" mainViewID="942D58C5-DA0A-9AD9-FA8A-ABC36A4C68D0">
<createdBy>Rodo</createdBy>
<createdTime>2025-09-02 01:56:10 UTC</createdTime>
<ownerDesignName>Sum1_RodolfoCisterna</ownerDesignName>
<shouldBeOpen>false</shouldBeOpen>
<selectedRDBMSSite>32076570-2523-435C-2E92-BF29817DFF70</selectedRDBMSSite>
</relationalModel>